Date,MLI,CWCO,SEDG,^GSPC
2024-08-01,67.82274627685547,27.90858268737793,26.540000915527344,5446.68017578125
2024-08-02,66.17263793945312,27.486173629760742,25.31999969482422,5346.56005859375
2024-08-05,64.73001861572266,26.45470428466797,25.020000457763672,5186.330078125
2024-08-06,67.06192016601562,26.356468200683594,23.899999618530273,5240.02978515625
2024-08-07,65.56002044677734,26.21894073486328,23.59000015258789,5199.5
2024-08-08,66.51846313476562,26.73958396911621,22.8700008392334,5319.31005859375
2024-08-09,67.29905700683594,26.140352249145508,21.200000762939453,5344.16015625
2024-08-12,66.19239807128906,25.826000213623047,21.440000534057617,5344.39013671875
2024-08-13,66.91371154785156,26.317174911499023,21.8799991607666,5434.43017578125
2024-08-14,66.61727905273438,26.120704650878906,22.3700008392334,5455.2099609375
2024-08-15,67.63501739501953,26.40558433532715,24.56999969482422,5543.22021484375
2024-08-16,67.64488983154297,27.04411506652832,25.290000915527344,5554.25
2024-08-19,68.178466796875,26.670820236206055,27.530000686645508,5608.25
2024-08-20,67.07179260253906,26.326997756958008,26.6299991607666,5597.1201171875
2024-08-21,69.29500579833984,26.84764289855957,26.850000381469727,5620.85009765625
2024-08-22,68.29704284667969,26.02246856689453,25.049999237060547,5570.64013671875
2024-08-23,69.9273910522461,26.484174728393555,28.770000457763672,5634.60986328125
2024-08-26,69.86810302734375,26.543115615844727,26.1299991607666,5616.83984375
2024-08-27,68.95905303955078,27.515642166137695,25.690000534057617,5625.7998046875
2024-08-28,69.13690948486328,27.073583602905273,25.690000534057617,5592.18017578125
2024-08-29,70.51036071777344,27.21111488342285,24.90999984741211,5591.9599609375
2024-08-30,71.84429168701172,27.270057678222656,24.329999923706055,5648.39990234375
2024-09-03,67.7931137084961,25.767057418823242,22.06999969482422,5528.93017578125
2024-09-04,67.06192016601562,25.6884708404541,21.719999313354492,5520.06982421875
2024-09-05,66.0738296508789,25.325002670288086,20.65999984741211,5503.41015625
2024-09-06,65.30079650878906,24.50965118408203,19.489999771118164,5408.419921875
2024-09-09,66.25221252441406,24.578414916992188,17.940000534057617,5471.0498046875
2024-09-10,66.52971649169922,25.158000946044922,17.850000381469727,5495.52001953125
2024-09-11,66.53961944580078,24.480178833007812,19.360000610351562,5554.1298828125
2024-09-12,67.64962005615234,25.000825881958008,18.149999618530273,5595.759765625
2024-09-13,69.63172912597656,25.374116897583008,19.700000762939453,5626.02001953125
2024-09-16,69.86958312988281,25.668821334838867,21.950000762939453,5633.08984375
2024-09-17,70.58314514160156,26.26805877685547,22.520000457763672,5634.580078125
2024-09-18,70.3056411743164,25.6884708404541,21.690000534057617,5618.259765625
2024-09-19,73.00132751464844,25.845645904541016,21.200000762939453,5713.64013671875
2024-09-20,71.9111557006836,25.207117080688477,20.3700008392334,5702.5498046875
2024-09-23,71.16786193847656,25.177648544311523,20.639999389648438,5718.56982421875
2024-09-24,70.791259765625,24.725767135620117,21.25,5732.93017578125
2024-09-25,69.90922546386719,24.106887817382812,20.170000076293945,5722.259765625
2024-09-26,70.9597396850586,24.21494483947754,21.610000610351562,5745.3701171875
2024-09-27,71.45526885986328,24.725767135620117,23.1200008392334,5738.169921875
2024-09-30,73.43738555908203,24.765058517456055,22.90999984741211,5762.47998046875
2024-10-01,72.32740020751953,24.49866485595703,22.020000457763672,5708.75
2024-10-02,71.56428527832031,24.626928329467773,21.639999389648438,5709.5400390625
2024-10-03,71.13813018798828,24.52826499938965,20.260000228881836,5699.93994140625
2024-10-04,71.99044799804688,24.65652847290039,20.1299991607666,5751.06982421875
2024-10-07,71.24714660644531,24.46906280517578,20.420000076293945,5695.93994140625
2024-10-08,71.29670715332031,24.281600952148438,18.559999465942383,5751.1298828125
2024-10-09,71.60392761230469,24.3901309967041,19.0,5792.0400390625
2024-10-10,70.56331634521484,24.261865615844727,18.18000030517578,5780.0498046875
2024-10-11,72.18865203857422,24.873592376708984,19.459999084472656,5815.02978515625
2024-10-14,72.76346588134766,25.54451560974121,18.829999923706055,5859.85009765625
2024-10-15,72.2084732055664,25.662918090820312,18.190000534057617,5815.259765625
2024-10-16,73.53649139404297,25.968780517578125,18.56999969482422,5842.47021484375
2024-10-17,73.3382797241211,25.731983184814453,17.93000030517578,5841.47021484375
2024-10-18,71.58411407470703,25.593852996826172,17.309999465942383,5864.669921875
2024-10-21,71.4354476928711,25.218921661376953,17.010000228881836,5853.97998046875
2024-10-22,81.48477935791016,24.99199104309082,17.579999923706055,5851.2001953125
2024-10-23,80.27568817138672,24.745328903198242,14.944999694824219,5797.419921875
2024-10-24,81.06853485107422,24.15333366394043,15.255000114440918,5809.85986328125
2024-10-25,81.11808776855469,24.113868713378906,16.110000610351562,5808.1201171875
2024-10-28,82.3172607421875,24.32106590270996,17.459999084472656,5823.52001953125
2024-10-29,82.25780487060547,23.97573471069336,16.770000457763672,5832.919921875
2024-10-30,82.25780487060547,23.689605712890625,16.889999389648438,5813.669921875
2024-10-31,81.23701477050781,23.442941665649414,17.059999465942383,5705.4501953125
2024-11-01,80.73157501220703,23.334409713745117,17.690000534057617,5728.7998046875
2024-11-04,82.25780487060547,23.57120704650879,18.299999237060547,5712.68994140625
2024-11-05,83.97233581542969,24.261865615844727,18.8700008392334,5782.759765625
2024-11-06,94.1504898071289,25.49518585205078,14.675000190734863,5929.0400390625
2024-11-07,92.673828125,24.863727569580078,14.880000114440918,5973.10009765625
2024-11-08,93.55586242675781,24.893325805664062,13.529999732971191,5995.5400390625
2024-11-11,94.48745727539062,25.366920471191406,13.680000305175781,6001.35009765625
2024-11-12,92.61434936523438,24.942659378051758,12.239999771118164,5983.990234375
2024-11-13,90.18626403808594,24.7847957611084,12.100000381469727,5985.3798828125
2024-11-14,89.34386444091797,24.291467666625977,12.829999923706055,5949.169921875
2024-11-15,87.88700866699219,25.42612075805664,10.640000343322754,5870.6201171875
2024-11-18,89.55198669433594,25.949047088623047,10.850000381469727,5893.6201171875
2024-11-19,89.86912536621094,25.810916900634766,10.46500015258789,5916.97998046875
2024-11-20,90.18626403808594,25.99837875366211,10.869999885559082,5917.10986328125
2024-11-21,90.8800048828125,25.93918228149414,10.729999542236328,5948.7099609375
2024-11-22,87.11398315429688,27.073835372924805,11.880000114440918,5969.33984375
2024-11-25,81.4154052734375,26.491710662841797,13.770000457763672,5987.3701171875
2024-11-26,80.61263275146484,26.254911422729492,13.6899995803833,6021.6298828125
2024-11-27,80.10720825195312,26.708772659301758,14.859999656677246,5998.740234375
2024-11-29,80.04773712158203,26.570640563964844,15.800000190734863,6032.3798828125
2024-12-02,80.02792358398438,26.304243087768555,15.890000343322754,6047.14990234375
2024-12-03,78.17463684082031,25.643184661865234,14.65999984741211,6049.8798828125
2024-12-04,77.97643280029297,25.43598747253418,14.0600004196167,6086.490234375
2024-12-05,78.22418975830078,25.218921661376953,12.59000015258789,6075.10986328125
2024-12-06,78.21426391601562,25.38665199279785,12.779999732971191,6090.27001953125
2024-12-09,77.5584945678711,25.287988662719727,14.279999732971191,6052.85009765625
2024-12-10,79.64501190185547,25.564250946044922,14.09000015258789,6034.91015625
2024-12-11,83.53983306884766,25.50505256652832,14.40999984741211,6084.18994140625
2024-12-12,82.41708374023438,25.228788375854492,13.279999732971191,6051.25
2024-12-13,81.95011138916016,25.366920471191406,13.350000381469727,6051.08984375
2024-12-16,83.52989196777344,25.968780517578125,12.319999694824219,6074.080078125
2024-12-17,81.96003723144531,25.653051376342773,14.369999885559082,6050.60986328125
2024-12-18,78.20433044433594,24.3309326171875,13.84000015258789,5872.16015625
2024-12-19,78.97931671142578,24.913061141967773,13.109999656677246,5867.080078125
2024-12-20,79.66488647460938,24.636795043945312,14.770000457763672,5930.85009765625
2024-12-23,79.10848236083984,25.03145980834961,14.880000114440918,5974.06982421875
2024-12-24,80.11199188232422,25.130123138427734,14.829999923706055,6040.0400390625
2024-12-26,80.53922271728516,25.52478790283203,14.579999923706055,6037.58984375
2024-12-27,79.44629669189453,25.218921661376953,13.800000190734863,5970.83984375
2024-12-30,79.25751495361328,25.475452423095703,13.569999694824219,5906.93994140625
2024-12-31,78.85015106201172,25.54451560974121,13.600000381469727,5881.6298828125
2025-01-02,79.21778106689453,25.60396957397461,14.800000190734863,5868.5498046875
2025-01-03,80.22128295898438,25.871503829956055,15.279999732971191,5942.47021484375
2025-01-06,80.26102447509766,25.584152221679688,16.290000915527344,5975.3798828125
2025-01-07,78.61170196533203,25.06890296936035,17.59000015258789,5909.02978515625
2025-01-08,79.27738952636719,25.49497413635254,14.989999771118164,5918.25
2025-01-10,77.7075424194336,25.05899429321289,14.710000038146973,5827.0400390625
2025-01-13,78.61170196533203,25.286893844604492,14.460000038146973,5836.22021484375
2025-01-14,80.12193298339844,25.752599716186523,14.25,5842.91015625
2025-01-15,80.71807098388672,25.950773239135742,14.5,5949.91015625
2025-01-16,81.32415008544922,26.188581466674805,14.210000038146973,5937.33984375
2025-01-17,81.59242248535156,26.14894676208496,13.90999984741211,5996.66015625
2025-01-21,82.13888549804688,26.39666175842285,13.699999809265137,6049.240234375
2025-01-22,80.93666076660156,25.88141441345215,13.050000190734863,6086.3701171875
2025-01-23,81.30428314208984,25.950773239135742,13.579999923706055,6118.7099609375
2025-01-24,80.33057403564453,25.544519424438477,14.680000305175781,6101.240234375
2025-01-27,78.38317108154297,26.376846313476562,14.130000114440918,6012.27978515625
2025-01-28,79.53572082519531,26.12912940979004,13.390000343322754,6067.7001953125
2025-01-29,78.99919128417969,25.792236328125,12.960000038146973,6039.31005859375
2025-01-30,79.59532928466797,26.049861907958984,13.3100004196167,6071.169921875
2025-01-31,78.24407196044922,25.940866470336914,13.100000381469727,6040.52978515625
2025-02-03,77.51875305175781,26.525476455688477,13.359999656677246,5994.56982421875
2025-02-04,75.7899398803711,26.39666175842285,13.890000343322754,6037.8798828125
2025-02-05,77.80689239501953,26.67410659790039,14.34000015258789,6061.47998046875
2025-02-06,80.84724426269531,26.634469985961914,14.760000228881836,6083.56982421875
2025-02-07,79.75430297851562,26.198490142822266,14.289999961853027,6025.990234375
2025-02-10,79.87353515625,26.079586029052734,14.220000267028809,6066.43994140625
2025-02-11,80.30077362060547,26.515567779541016,13.369999885559082,6068.5
2025-02-12,78.90975952148438,26.188581466674805,13.289999961853027,6051.97021484375
2025-02-13,80.10205841064453,26.406572341918945,14.850000381469727,6115.06982421875
2025-02-14,80.7578125,26.822734832763672,16.360000610351562,6114.6298828125
2025-02-18,81.75138854980469,27.724422454833984,16.93000030517578,6129.580078125
2025-02-19,81.08570098876953,27.169538497924805,19.6299991607666,6144.14990234375
2025-02-20,80.06231689453125,27.1199951171875,18.190000534057617,6117.52001953125
2025-02-21,77.88638305664062,27.278533935546875,17.6200008392334,6013.1298828125
2025-02-24,79.07866668701172,26.882184982299805,18.459999084472656,5983.25
2025-02-25,79.78411865234375,27.32807731628418,18.719999313354492,5955.25
2025-02-26,79.18795776367188,27.288442611694336,18.540000915527344,5956.06005859375
2025-02-27,78.29374694824219,27.070451736450195,17.889999389648438,5861.56982421875
2025-02-28,79.66488647460938,26.822734832763672,16.489999771118164,5954.5
2025-03-03,78.98925018310547,27.050634384155273,14.130000114440918,5849.72021484375
2025-03-04,77.69760131835938,26.753376007080078,14.84000015258789,5778.14990234375
2025-03-05,79.41648864746094,27.01099967956543,15.59000015258789,5842.6298828125
2025-03-06,79.02899169921875,26.92182159423828,16.020000457763672,5738.52001953125
2025-03-07,81.53280639648438,27.565885543823242,16.850000381469727,5770.2001953125
2025-03-10,80.34051513671875,27.516342163085938,16.610000610351562,5614.56005859375
2025-03-11,81.50299835205078,27.922597885131836,16.049999237060547,5572.06982421875
2025-03-12,78.32356262207031,27.833419799804688,15.8100004196167,5599.2998046875
2025-03-13,77.69760131835938,28.120769500732422,15.0600004196167,5521.52001953125
2025-03-14,79.23262023925781,28.913463592529297,16.1200008392334,5638.93994140625
2025-03-17,81.11649322509766,28.834192276000977,17.3799991607666,5675.1201171875
2025-03-18,79.0531997680664,26.90200424194336,16.8799991607666,5614.66015625
2025-03-19,81.18627166748047,27.55597496032715,16.979999542236328,5675.2900390625
2025-03-20,79.33229064941406,27.3478946685791,17.1200008392334,5662.89013671875
2025-03-21,76.99987030029297,26.25794219970703,17.030000686645508,5667.56005859375
2025-03-24,79.21268463134766,23.552879333496094,17.200000762939453,5767.56982421875
2025-03-25,78.96349334716797,24.02849578857422,17.290000915527344,5776.64990234375
2025-03-26,78.63455963134766,24.0582218170166,16.100000381469727,5712.2001953125
2025-03-27,77.259033203125,23.919498443603516,15.930000305175781,5693.31005859375
2025-03-28,76.34200286865234,24.226669311523438,15.850000381469727,5580.93994140625
2025-03-31,75.89346313476562,24.266300201416016,16.18000030517578,5611.85009765625
2025-04-01,77.26899719238281,24.32602310180664,16.684999465942383,5633.06982421875
2025-04-02,79.13294219970703,24.266300201416016,16.829999923706055,5670.97021484375
2025-04-03,73.84014129638672,24.276254653930664,15.425000190734863,5396.52001953125
2025-04-04,70.37139892578125,23.93783950805664,14.710000038146973,5074.080078125
2025-04-07,69.5739974975586,23.270963668823242,13.350000381469727,5062.25
2025-04-08,68.27820587158203,23.649192810058594,12.385000228881836,4982.77001953125
2025-04-09,75.4748306274414,23.549659729003906,14.350000381469727,5456.89990234375
2025-04-10,72.37489318847656,23.489940643310547,11.579999923706055,5268.0498046875
2025-04-11,73.88001251220703,23.858213424682617,12.760000228881836,5363.35986328125
2025-04-14,73.50123596191406,23.858213424682617,13.920000076293945,5405.97021484375
2025-04-15,73.29191589355469,23.91793441772461,12.6850004196167,5396.6298828125
2025-04-16,70.69036865234375,23.7188663482666,12.489999771118164,5275.7001953125
2025-04-17,70.72026824951172,24.117000579833984,12.640000343322754,5282.7001953125
2025-04-21,68.22836303710938,23.579519271850586,12.100000381469727,5158.2001953125
2025-04-22,70.05243682861328,24.22648811340332,13.050000190734863,5287.759765625
2025-04-23,72.01605987548828,23.987607955932617,11.920000076293945,5375.85986328125
2025-04-24,73.74046325683594,23.77858543395996,11.71500015258789,5484.77001953125
2025-04-25,72.77360534667969,23.50984764099121,12.5600004196167,5525.2099609375
2025-04-28,72.6041488647461,23.171432495117188,12.6899995803833,5528.75
2025-04-29,72.59418487548828,23.59942626953125,12.84000015258789,5560.830078125
2025-04-30,73.32181549072266,23.13161849975586,12.234999656677246,5569.06005859375
2025-05-01,73.24208068847656,23.03208351135254,12.539999961853027,5604.14013671875
2025-05-02,75.30538177490234,23.06194496154785,13.100000381469727,5686.669921875
2025-05-05,74.91664123535156,23.002225875854492,12.920000076293945,5650.3798828125
2025-05-06,73.57100677490234,23.151525497436523,14.369999885559082,5606.91015625
2025-05-07,73.56104278564453,22.703622817993164,14.770000457763672,5631.27978515625
2025-05-08,74.6076431274414,23.231151580810547,18.290000915527344,5663.93994140625
2025-05-09,74.74718475341797,23.330686569213867,19.84000015258789,5659.91015625
2025-05-12,77.9567642211914,23.47003173828125,19.15999984741211,5844.18994140625
2025-05-13,78.7940444946289,24.744064331054688,18.149999618530273,5886.5498046875
2025-05-14,79.06317138671875,25.35121726989746,17.93000030517578,5892.580078125
2025-05-15,78.7940444946289,25.938467025756836,20.84000015258789,5916.93017578125
2025-05-16,79.12297058105469,26.376415252685547,22.020000457763672,5958.3798828125
2025-05-19,78.2458267211914,26.814363479614258,20.760000228881836,5963.60009765625
2025-05-20,77.63780212402344,26.356508255004883,20.649999618530273,5940.4599609375
2025-05-21,77.15935516357422,26.525714874267578,19.84000015258789,5844.60986328125
2025-05-22,75.85359191894531,26.3664608001709,14.944999694824219,5842.009765625
2025-05-23,75.61437225341797,26.665063858032227,16.704999923706055,5802.81982421875
2025-05-27,78.18601989746094,27.242359161376953,17.219999313354492,5921.5400390625
2025-05-28,76.81048583984375,26.734737396240234,16.920000076293945,5888.5498046875
2025-05-29,77.68763732910156,27.043291091918945,16.600000381469727,5912.169921875
2025-05-30,77.61786651611328,26.90394401550293,17.860000610351562,5911.68994140625
2025-06-02,77.1194839477539,27.05324363708496,17.100000381469727,5935.93994140625
2025-06-03,78.41527557373047,27.401611328125,18.110000610351562,5970.3701171875
2025-06-04,77.63780212402344,27.003475189208984,17.469999313354492,5970.81005859375
2025-06-05,76.95999908447266,27.043291091918945,17.739999771118164,5939.2998046875
2025-06-06,77.41999816894531,27.093055725097656,18.190000534057617,6000.35986328125
2025-06-09,77.44000244140625,28.1779727935791,18.719999313354492,6005.8798828125
2025-06-10,78.43000030517578,28.227741241455078,20.93000030517578,6038.81005859375
2025-06-11,78.36000061035156,28.0684871673584,20.829999923706055,6022.240234375
2025-06-12,76.44000244140625,28.108299255371094,21.020000457763672,6045.259765625
2025-06-13,74.2699966430664,28.048580169677734,23.299999237060547,5976.97021484375
2025-06-16,74.05000305175781,28.894617080688477,23.979999542236328,6033.10986328125
2025-06-17,72.61000061035156,28.4367618560791,15.960000038146973,5982.72021484375
2025-06-18,72.7699966430664,29.183263778686523,16.979999542236328,5980.8701171875
2025-06-20,73.5,28.98419761657715,16.520000457763672,5967.83984375
2025-06-23,76.9800033569336,29.88995361328125,16.059999465942383,6025.169921875
2025-06-24,77.52999877929688,29.461957931518555,18.93000030517578,6092.18017578125
2025-06-25,77.18000030517578,29.392284393310547,19.09000015258789,6092.16015625
2025-06-26,79.27999877929688,29.999439239501953,20.065000534057617,6141.02001953125
2025-06-27,79.5999984741211,29.690885543823242,19.799999237060547,6173.06982421875
2025-06-30,79.47000122070312,29.8799991607666,20.399999618530273,6204.9501953125
2025-07-01,82.06999969482422,30.649999618530273,21.860000610351562,6198.009765625
2025-07-02,83.1500015258789,30.940000534057617,23.600000381469727,6227.419921875
2025-07-03,82.63999938964844,31.290000915527344,27.540000915527344,6279.35009765625
2025-07-07,82.19000244140625,30.639999389648438,26.43000030517578,6229.97998046875
2025-07-08,83.25,30.309999465942383,26.149999618530273,6225.52001953125
2025-07-09,84.83000183105469,30.399999618530273,27.09000015258789,6263.259765625
2025-07-10,85.62000274658203,30.3700008392334,27.56999969482422,6280.4599609375
2025-07-11,86.38999938964844,29.969999313354492,25.6200008392334,6259.75
2025-07-14,85.87000274658203,31.0,26.719999313354492,6268.56005859375
2025-07-15,84.58999633789062,29.809999465942383,27.3700008392334,6243.759765625
2025-07-16,84.94000244140625,29.540000915527344,24.959999084472656,6263.7001953125
2025-07-17,85.81999969482422,29.290000915527344,25.2549991607666,6297.35986328125
2025-07-18,84.4800033569336,29.40999984741211,26.6200008392334,6296.7900390625
2025-07-21,83.41999816894531,29.649999618530273,28.829999923706055,6305.60009765625
2025-07-22,85.69999694824219,29.670000076293945,31.860000610351562,6309.6201171875
2025-07-23,87.11000061035156,29.790000915527344,29.06999969482422,6358.91015625
2025-07-24,88.30000305175781,29.719999313354492,28.469999313354492,6363.35009765625
2025-07-25,88.72000122070312,29.65999984741211,27.229999542236328,6388.64013671875
2025-07-28,87.88999938964844,29.59000015258789,27.059999465942383,6389.77001953125
2025-07-29,87.91999816894531,29.799999237060547,24.950000762939453,6370.85986328125
2025-07-30,87.5,29.399999618530273,25.809999465942383,6362.89990234375
2025-07-31,85.37000274658203,29.09000015258789,25.65999984741211,6339.39013671875
2025-08-01,83.33999633789062,28.43000030517578,25.549999237060547,6238.009765625
2025-08-04,85.08999633789062,29.149999618530273,25.6299991607666,6329.93994140625
2025-08-05,87.37999725341797,29.15999984741211,26.1200008392334,6299.18994140625
2025-08-06,87.33000183105469,28.829999923706055,25.790000915527344,6345.06005859375
2025-08-07,88.26000213623047,28.899999618530273,24.420000076293945,6340.0
2025-08-08,89.08000183105469,29.290000915527344,24.940000534057617,6389.4501953125
2025-08-11,89.97000122070312,29.709999084472656,24.899999618530273,6373.4501953125
2025-08-12,92.77999877929688,32.279998779296875,25.100000381469727,6445.759765625
2025-08-13,93.7300033569336,33.08000183105469,26.459999084472656,6466.580078125
2025-08-14,92.16000366210938,32.72999954223633,25.670000076293945,6468.5400390625
2025-08-15,91.56999969482422,32.369998931884766,30.059999465942383,6449.7998046875
2025-08-18,92.06999969482422,32.439998626708984,31.15999984741211,6449.14990234375
2025-08-19,92.58000183105469,32.400001525878906,31.989999771118164,6411.3701171875
2025-08-20,91.66000366210938,32.4900016784668,32.060001373291016,6395.77978515625
