daten,MLI_adj_close,MLI_volume,CWCO_adj_close,CWCO_volume,SEDG_adj_close,SEDG_volume,^GSPC_adj_close,^GSPC_volume,^IXIC_adj_close,^IXIC_volume,^GSPC_ret,MLI_ret,MLI_lv,CWCO_ret,CWCO_lv,SEDG_ret,SEDG_lv,nasdaq_level,nas_ret
2024-08-28,69.13690948486328,680100,27.073583602905273,76700,25.690000534057617,2158100,5592.18017578125,3053450000,17556.029296875,5211920000,,,13.42999512516373,,11.247656987355347,,14.584738762929556,17556.029296875,
2024-08-29,70.51036834716797,453000,27.21111488342285,82800,24.90999984741211,1970300,5591.9599609375,3065640000,17516.4296875,5727780000,-0.003937984343771461,1.9671033644448777,13.023647404465171,0.506704757000298,11.32418334037335,-3.083250876181154,14.49369637338406,17516.4296875,-0.22581608104594864
2024-08-30,71.84429168701172,602000,27.270057678222656,203800,24.329999923706055,2080200,5648.39990234375,4185850000,17713.619140625,5531150000,1.004245707914464,1.8741393969317954,13.308012724290958,0.21637866817383333,12.224894399770761,-2.3559169488887477,14.54797460090117,17713.619140625,1.1194506902238999
2024-09-03,67.7931137084961,915400,25.767057418823242,207900,22.06999969482422,2904900,5528.93017578125,3866350000,17136.30078125,5813970000,-2.1377963372398057,-5.804053966144451,13.72711640720168,-5.669248009917194,12.244812473846105,-9.749094721861828,14.881909524267732,17136.30078125,-3.3134720538161133
2024-09-04,67.06192016601562,748700,25.6884708404541,100000,21.719999313354492,2102500,5520.06982421875,3478140000,17084.30078125,5011820000,-0.16038290273812095,-1.084424788627647,13.526093648218776,-0.30545460179074446,11.512925464970229,-1.5985742988794627,14.55863767082924,17084.30078125,-0.30391073008129155
2024-09-05,66.0738296508789,551400,25.325000762939453,74800,20.65999984741211,2727100,5503.41015625,3521650000,17127.66015625,4983030000,-0.30225810146742305,-1.4843626281614064,13.220215777571834,-1.4250205557165607,11.222573163962569,-5.003400714639605,14.818749331489085,17127.66015625,0.253475083140664
2024-09-06,65.30079650878906,715700,24.50965118408203,148300,19.489999771118164,2925600,5408.419921875,3822800000,16690.830078125,5549030000,-1.741094450742331,-1.1768514006452513,13.481016363726688,-3.272511439753645,11.906992528126024,-5.829795452990805,14.88901014581731,16690.830078125,-2.58352381804805
2024-09-09,66.25221252441406,663300,24.578414916992188,128600,17.940000534057617,5460500,5471.0498046875,3825940000,16884.599609375,5132150000,1.1513534435817263,1.4464627011247622,13.404982655513647,0.28016494985623197,11.764462090785656,-8.286861537616952,15.51305091861992,16884.599609375,1.1542469261140553
2024-09-10,66.52970886230469,601900,25.158000946044922,101000,17.850000381469727,4211900,5495.52001953125,3848180000,17025.880859375,4963740000,0.4462699977795026,0.41797368043097194,13.307846597535862,2.330735965910513,11.522875795823397,-0.5029356803246454,15.253424410263756,17025.880859375,0.8332649110933232
2024-09-11,66.53961944580078,483700,24.480178833007812,79700,19.360000610351562,6202400,5554.1298828125,3839450000,17395.529296875,6086930000,1.0608555649842089,0.014895368662948272,13.089220158811074,-2.7312212133449254,11.286024864778307,8.120558377835296,15.640446871886887,17395.529296875,2.1478646377831367
2024-09-12,67.64961242675781,505600,25.000825881958008,66900,18.149999618530273,3298200,5595.759765625,3655070000,17569.6796875,4983120000,0.7467352156803386,1.6544074111350504,13.133501121814785,2.1045096713498967,11.11095424611632,-6.453857368160998,15.008887423076807,17569.6796875,0.9961435138672314
2024-09-13,69.63172912597656,595400,25.374116897583008,112600,19.700000762939453,4165100,5626.02001953125,3500790000,17683.98046875,4802880000,0.5393142234355608,2.887871620034854,13.296988727563813,1.4820775089782856,11.631596994687728,8.194813477858931,15.242250842898695,17683.98046875,0.6484500120562231
2024-09-16,69.86958312988281,612800,25.6688232421875,105800,21.950000762939453,5521300,5633.08984375,3437070000,17592.130859375,4675530000,0.12558408673104537,0.34100644725292284,13.325793897408518,1.154751738812676,11.569305798406337,10.814849980740826,15.524123897772176,17592.130859375,-0.5207479706829332
2024-09-17,70.58314514160156,700100,26.268056869506836,103300,22.520000457763672,5397300,5634.580078125,3443600000,17628.060546875,4959520000,0.02645150938960228,1.016097244703662,13.45897846096529,2.3076481220455136,11.54539265510773,2.563664931923171,15.50140938649282,17628.060546875,0.20402898751754606
2024-09-18,70.3056411743164,1008800,25.6884708404541,79900,21.690000534057617,4609200,5618.259765625,3691390000,17573.30078125,5611630000,-0.2900658708313131,-0.3939338728217834,13.824272063632847,-2.231134748137986,11.288531131754366,-3.75524741373936,15.343564864121996,17573.30078125,-0.3111232505265349
2024-09-19,73.00132751464844,833600,25.84564781188965,85600,21.200000762939453,4139700,5713.64013671875,4024530000,18013.98046875,5574650000,1.6834356892726277,3.7625586217620466,13.63350894998124,0.6099937785498444,11.357440562129833,-2.2850131795403517,15.236133879407756,18013.98046875,2.4767399967171144
2024-09-20,71.9111557006836,5770400,25.20711898803711,340800,20.3700008392334,3848100,5702.5498046875,7867260000,17948.3203125,9914480000,-0.19429136300157523,-1.5046217642213477,15.5682519601716,-2.5015769456169235,12.739051073937297,-3.9937946227483145,15.163090077956051,17948.3203125,-0.3651614484310173
2024-09-23,71.16786193847656,619400,25.177648544311523,71800,20.639999389648438,2432800,5718.56982421875,3529550000,17974.26953125,5237310000,0.28053344257124024,-1.0390069225042708,13.336506546521239,-0.11698157411341725,11.181639755036315,1.3167639603871795,14.704553415345291,17974.26953125,0.1444730091924029
2024-09-24,70.791259765625,468800,24.725767135620117,62200,21.25,2480500,5732.93017578125,3872710000,18074.51953125,5347580000,0.25080311033462976,-0.5305795806882507,13.05793151724494,-1.8110734659880556,11.03811027872727,2.912598432836111,14.72397071072324,18074.51953125,0.5561920998893299
2024-09-25,69.90922546386719,706500,24.106887817382812,121400,20.170000076293945,4288200,5722.259765625,3624910000,18082.2109375,4858060000,-0.18629832062124763,-1.2537922024939974,13.46807848110672,-2.534830253188769,11.706846157607535,-5.216053962175993,15.271377622436125,18082.2109375,0.04254481124981169
2024-09-26,70.9597396850586,741500,24.21494483947754,85300,21.610000610351562,3452700,5745.3701171875,4391180000,18190.2890625,5669210000,0.4030542158199424,1.4915048104088058,13.516430440560123,0.44723966898372325,11.35392973347977,6.895984301406921,15.054667091624692,18190.2890625,0.5959249836374525
2024-09-27,71.45526885986328,652000,24.725767135620117,66600,23.1200008392334,3966500,5738.169921875,3898530000,18119.58984375,5367890000,-0.12540029000724928,0.6958974052363232,13.38779984090879,2.0875905842050457,11.106459856528481,6.754188134046313,15.193394651724194,18119.58984375,-0.38942188861774696
2024-09-30,73.43739318847656,1039700,24.765058517456055,75600,22.90999984741211,2615100,5762.47998046875,4425730000,18189.169921875,5846150000,0.42276036584407706,2.7361606310046582,13.854442767966061,0.15878252008341143,11.233211562167625,-0.9124590298112523,14.776812895667778,18189.169921875,0.38326929230869666
2024-10-01,72.32740783691406,640000,24.49866485595703,90400,22.020000457763672,3126000,5708.75,4025180000,17910.359375,5879980000,-0.9367848694454395,-1.5230107671188264,13.369223455335854,-1.081510855648693,11.411999546380267,-3.962233772201129,14.95526478996356,17910.359375,-1.544707624998054
2024-10-02,71.56428527832031,512800,24.62692642211914,61200,21.639999389648438,2116700,5709.5400390625,3829050000,17925.119140625,5489040000,0.013838132698751338,-1.0607001653426984,13.147641184588597,0.5221793947668196,11.021902468500418,-1.7407726309579985,14.565368830108262,17925.119140625,0.08237516043312354
2024-10-03,71.13813018798828,530300,24.52826499938965,56600,20.260000228881836,2552400,5699.93994140625,3597450000,17918.48046875,5208990000,-0.16828286544594562,-0.5972657936848869,13.181198163125222,-0.40142883128448936,10.943764264191275,-6.589491565572958,14.75254465097633,17918.48046875,-0.03704244006321744
2024-10-04,71.99044036865234,426600,24.65652847290039,44700,20.1299991607666,2342300,5751.06982421875,3479400000,18137.849609375,5136070000,0.8930255699185707,1.1909854922210528,12.963602085019387,0.5215586168453079,10.707728780601661,-0.6437312156746255,14.666643910581001,18137.849609375,1.2168284843376398
2024-10-07,71.24714660644531,399100,24.46906089782715,83300,20.420000076293945,2667200,5695.93994140625,3637790000,17923.900390625,5240320000,-0.9632263829388421,-1.0378566825385072,12.896967291036825,-0.7632213169680657,11.330203828154934,1.4303618511737337,14.796539790978667,17923.900390625,-1.1865853934136084
2024-10-08,71.29670715332031,570300,24.281600952148438,87100,18.559999465942383,4661800,5751.1298828125,3393400000,18182.919921875,5566510000,0.9642706804694257,0.06953726529044246,13.25391781714463,-0.7690597932907384,11.374812162840595,-9.550611788935814,15.354912197614706,18182.919921875,1.434764802689159
2024-10-09,71.60392761230469,718100,24.3901309967041,48700,19.0,2786800,5792.0400390625,3650340000,18291.619140625,5228670000,0.7088231016995294,0.42997840116809627,13.484364114098408,0.44596820407800664,10.793434309070681,2.3430280583042418,14.840404542138101,18291.619140625,0.5960296872279613
2024-10-10,70.56331634521484,831200,24.261865615844727,43500,18.18000030517578,3444300,5780.0498046875,3208790000,18282.05078125,5855390000,-0.20722685059819668,-1.4639516431173227,13.630625718767154,-0.527278167235945,10.680516217076775,-4.411687363076089,15.052231248750013,18282.05078125,-0.05232375976351733
2024-10-11,72.18865203857422,446000,24.873592376708984,91400,19.459999084472656,3495500,5815.02978515625,3208720000,18342.939453125,5140440000,0.6033608707298299,2.2772448613283203,13.008074231002201,2.4900892112883266,11.42300075744224,6.803892417555257,15.066986984934177,18342.939453125,0.3324982618787331
2024-10-14,72.76346588134766,566900,25.544517517089844,118100,18.829999923706055,2295300,5859.85009765625,3005250000,18502.689453125,4894710000,0.7678114574593664,0.7931127383783654,13.247938200312396,2.661602146444597,11.679287002185454,-3.290969109389419,14.646374111888052,18502.689453125,0.867136785245215
2024-10-15,72.2084732055664,531400,25.662918090820312,134100,18.190000534057617,3922100,5815.259765625,3882120000,18315.58984375,6522700000,-0.7638566037513783,-0.7656590517719053,13.183270312307851,0.4624359072915585,11.80634106926977,-3.4579316727350484,15.18213778260869,18315.58984375,-1.0163496149683482
2024-10-16,73.53648376464844,861000,25.968780517578125,70000,18.56999969482422,2317600,5842.47021484375,3467230000,18367.080078125,5257570000,0.46682327827802794,1.8224264383672306,13.665849783409868,1.184799311062612,11.156250521031495,2.0675337040820807,14.656042725437278,18367.080078125,0.28073348151274047
2024-10-17,73.3382797241211,468600,25.731983184814453,109500,17.93000030517578,4704000,5841.47021484375,3480010000,18373.609375,5806860000,-0.017117512853737082,-0.26989546214073457,13.057504805055832,-0.9160367145665926,11.603679828238693,-3.507205429336624,15.3639237685606,18373.609375,0.035542593462167815
2024-10-18,71.58411407470703,862300,25.59385108947754,260000,17.309999465942383,3522400,5864.669921875,3374490000,18489.55078125,5090190000,0.3963686942773492,-2.4209527308298284,13.667358516940416,-0.5382569257269765,12.468436909997665,-3.519096630187324,15.07465313342368,18489.55078125,0.6290387913853834
2024-10-21,71.4354476928711,863800,25.218921661376953,65700,17.010000228881836,4054500,5853.97998046875,3407010000,18540.009765625,6092180000,-0.18244327564183038,-0.20789664510854067,13.669096539508738,-1.475755847575444,11.092854204472703,-1.7482918472075948,15.21533793336675,18540.009765625,0.27253369935600347
2024-10-22,81.48477935791016,1953100,24.991992950439453,50700,17.579999923706055,3289700,5851.2001953125,3342080000,18579.76953125,6407180000,-0.047496666719659686,13.162203402738282,14.484928411824983,-0.9039080757253792,10.833681189579275,3.2960468053723435,15.006306933173578,18579.76953125,0.2142242307664688
2024-10-23,80.27568817138672,1078700,24.745328903198242,46300,14.944999694824219,11694700,5797.419921875,3532650000,18276.650390625,6245610000,-0.9233824267679935,-1.494943384841818,13.89126717036352,-0.9918751565731743,10.742897240074326,-16.238511260124035,16.27464630568337,18276.650390625,-1.6449018967183093
2024-10-24,81.06853485107422,890200,24.15333366394043,42500,15.255000114440918,3874000,5809.85986328125,3543030000,18415.490234375,5761280000,0.2143473130557183,0.9828093583690745,13.699201435563891,-2.421432953215197,10.657259354912508,2.0530550354520116,15.169798122949079,18415.490234375,0.7567860802160098
2024-10-25,81.11808776855469,1023500,24.113868713378906,44100,16.110000610351562,4738400,5808.1201171875,3501280000,18518.609375,6100040000,-0.02994920131857981,0.061106049589110256,13.83873868408348,-0.16352702212767412,10.694215061434937,5.45329094048892,15.371210083944893,18518.609375,0.558396764287572
2024-10-28,82.31726837158203,932800,24.32106590270996,84000,17.459999084472656,5041500,5823.52001953125,3691280000,18567.189453125,5641660000,0.2647934626732962,1.4674941236177297,13.745946094578365,0.8555744108576402,11.33857207782545,8.047226290036846,15.433214214815408,18567.189453125,0.2619876472767402
2024-10-29,82.25780487060547,551900,23.97573471069336,71500,16.770000457763672,3487600,5832.919921875,3879100000,18712.75,6881170000,0.16128259449015303,-0.07226307410084232,13.221122149427593,-1.430061920671566,11.177452728682098,-4.032089484405477,15.064724378535796,18712.75,0.7809094581347154
2024-10-30,82.25780487060547,621000,23.689605712890625,78100,16.889999389648438,2316700,5813.669921875,3851120000,18607.9296875,6514690000,-0.3305691672489175,0.0,13.339086360915616,-1.2005890744576586,11.265745335827777,0.7130091551149409,14.655654317258561,18607.9296875,-0.5617292557495546
2024-10-31,81.23701477050781,774300,23.442941665649414,73700,17.059999465942383,2506000,5705.4501953125,4425660000,18095.150390625,6411940000,-1.8790134928744706,-1.2487286958929644,13.559714674374815,-1.046691990674864,11.207758078177427,1.0014816076017397,14.73419841443815,18095.150390625,-2.79438490010655
2024-11-01,80.7315673828125,930200,23.334409713745117,64800,17.690000534057617,3436400,5728.7998046875,3796450000,18239.919921875,5896470000,0.4084158004525662,-0.6241321887801909,13.743154895772134,-0.46403716095828607,11.079060882340366,3.626302760263078,15.049934969746039,18239.919921875,0.7968626237087051
2024-11-04,82.25780487060547,600700,23.57120704650879,74100,18.299999237060547,4924300,5712.68994140625,3602060000,18179.98046875,5762320000,-0.28160448131906435,1.8728608846731554,13.305850920838253,1.0096843867863026,11.213170811284177,3.390147979519753,15.409692690506924,18179.98046875,-0.32915799658947975
2024-11-05,83.97233581542969,510400,24.261865615844727,90400,18.8700008392334,2786500,5782.759765625,3768310000,18439.169921875,7060340000,1.2191031029562538,2.0629131882508034,13.142950011012717,2.887987468541775,11.411999546380267,3.067238569824182,14.840296885991728,18439.169921875,1.4156187609964732
2024-11-06,94.1504898071289,1725300,25.495187759399414,125600,14.675000190734863,15017800,5929.0400390625,6329530000,18983.470703125,8138050000,2.498128095718677,11.44070484321853,14.360911506369956,4.958391757811054,11.740857533016236,-25.14280251435106,16.524746722200778,18983.470703125,2.909143550306048
2024-11-07,92.67382049560547,796200,24.863725662231445,80000,14.880000114440918,18863200,5973.10009765625,4925740000,19269.4609375,9232670000,0.7403754173996191,-1.580843586638725,13.587605689548354,-2.5079778446529755,11.289781913656018,1.3872658384442627,16.752723492038974,19269.4609375,1.4952870316724542
2024-11-08,93.55585479736328,677700,24.893325805664062,75500,13.529999732971191,7877700,5995.5400390625,4666740000,19286.779296875,7316010000,0.3749794035718068,0.9472613811973396,13.426459991124204,0.11897870171639902,11.231887935237117,-9.510861464922504,15.87954654105675,19286.779296875,0.08983428069964106
2024-11-11,94.4874496459961,691800,25.366920471191406,56900,13.680000305175781,5930400,6001.35009765625,4333000000,19298.759765625,8087930000,0.09685941909562956,0.9908382253428272,13.447052175485206,1.8846253975723037,10.949050620114422,1.1025512055932385,15.595602222324647,19298.759765625,0.06209823382583579
2024-11-12,92.61434936523438,708900,24.942659378051758,57000,12.239999771118164,6485700,5983.990234375,4243400000,19281.400390625,7816410000,-0.2896851476936746,-2.002292730642985,13.47146975184311,-1.6866415980327787,10.950806546816688,-11.122567611789158,15.685110311310666,19281.400390625,-0.08999120844102038
2024-11-13,90.18627166748047,630800,24.7847957611084,71400,12.100000381469727,10728900,5985.3798828125,4220180000,19230.720703125,9623670000,0.02322007641417656,-2.6566873717885464,13.354744134071021,-0.6349174588483386,11.176053148327675,-1.1503774255564814,16.188451593042313,19230.720703125,-0.26318839531409566
2024-11-14,89.34386444091797,763600,24.291467666625977,115500,12.829999923706055,7542400,5949.169921875,4184570000,19107.650390625,8680480000,-0.6068108582244491,-0.9384646249285922,13.545799370833729,-2.01052271577411,11.657025808943985,5.858068855189913,15.83605099172395,19107.650390625,-0.642023809200154
2024-11-15,87.88700866699219,719100,25.42612075805664,152200,10.640000343322754,9412100,5870.6201171875,4590960000,18680.119140625,8002270000,-1.3291430866793519,-1.644057339435534,13.485755709090585,4.565185805172867,11.932950724409723,-18.71656565003441,16.05750665350733,18680.119140625,-2.2628988109884673
2024-11-18,89.55199432373047,578100,25.949047088623047,178000,10.850000381469727,4662200,5893.6201171875,3983860000,18791.810546875,8455360000,0.3910159746206787,1.8767401730720223,13.267502143070567,2.035786597340694,12.089538829274222,1.954459896429439,15.35499799770056,18791.810546875,0.5961354963734067
2024-11-19,89.86912536621094,407900,25.810914993286133,92000,10.46500015258789,4579900,5916.97998046875,4036940000,18987.470703125,7246610000,0.39557505205962684,0.35350506482512145,12.91877732530565,-0.5337423665218832,11.429543856031177,-3.6128744666222623,15.337187721790865,18987.470703125,1.0358159242935372
2024-11-20,90.18627166748047,622800,25.998380661010742,61000,10.869999885559082,5508500,5917.10986328125,3772620000,18966.140625,7121670000,0.002195062133480974,0.3522767264669824,13.341980718941981,0.7236789595587378,11.018629143155449,3.797032012622914,15.521802911762256,18966.140625,-0.11240079467693675
2024-11-21,90.87999725341797,571500,25.93918228149414,63800,10.729999542236328,3254800,5948.7099609375,4230120000,18972.419921875,7492540000,0.532625184428781,0.7662708074024138,13.256019762217003,-0.22795988798258726,11.06350846933288,-1.2963176624406714,14.995641387804639,18972.419921875,0.033102452184863296
2024-11-22,87.11398315429688,3140900,27.073837280273438,171300,11.880000114440918,5497200,5969.33984375,4141420000,19003.650390625,6575820000,0.3461959591536612,-4.232251239656382,14.960019941019388,4.281319262813321,12.05117168431221,10.181280958700478,15.519749429662834,19003.650390625,0.1644744995116909
2024-11-25,81.4154052734375,23535300,26.491708755493164,82600,13.770000457763672,7563100,5987.3701171875,5633150000,19054.83984375,7932980000,0.3015927820126052,-6.765290327854956,16.97401197970873,-2.1736040676643142,11.32176495950907,14.763602241653961,15.838791717017049,19054.83984375,0.26900428092879736
2024-11-26,80.61264038085938,1774700,26.254911422729492,50500,13.6899995803833,3987100,6021.6298828125,3835170000,19174.30078125,6411770000,0.5705697155262257,-0.9909043312740451,14.389141952522657,-0.8978733530170757,10.829728615263452,-0.5826737335084431,15.19857470756388,19174.30078125,0.6249752120298879
2024-11-27,80.10720825195312,930800,26.708772659301758,53000,14.859999656677246,7976800,5998.740234375,3363340000,19060.48046875,5619090000,-0.3808481083577675,-0.6289625076429495,13.743799710410274,1.7139002105122536,10.87804719253426,8.20074075367656,15.89204788649672,19060.48046875,-0.5953775332228517
2024-11-29,80.04773712158203,694800,26.570642471313477,55300,15.800000190734863,3093000,6032.3798828125,2444420000,19218.169921875,4042550000,0.5592120396801903,-0.07426699558461536,13.451379313349086,-0.5185135652332473,10.920528187510426,6.133693591895417,14.944652051667207,19218.169921875,0.8239075492083359
2024-12-02,80.02792358398438,1360500,26.304243087768555,147300,15.890000343322754,5142000,6047.14990234375,4412470000,19403.94921875,6370530000,0.24454638805817552,-0.024755215891669735,14.123362837205438,-1.0076679500873542,11.900226602450722,0.5680050050091534,15.452952666807972,19403.94921875,0.9620431704490784
2024-12-03,78.17463684082031,960100,25.643184661865234,121900,14.65999984741211,3631400,6049.8798828125,4095000000,19480.91015625,6005160000,0.045134724202178234,-2.3430360703009967,13.774792724685716,-2.545242918599211,11.710956315469362,-8.056731610478485,15.105128806818703,19480.91015625,0.3958406394087177
2024-12-04,77.97643280029297,824700,25.435985565185547,141900,14.0600004196167,3503000,6086.490234375,4003390000,19735.119140625,7870030000,0.603318162813693,-0.2538620419676896,13.622774962821447,-0.8112905210918342,11.862877863148134,-4.178876982282054,15.069130302179623,19735.119140625,1.2964726395351178
2024-12-05,78.22418975830078,1359400,25.218921661376953,119200,12.59000015258789,5656000,6075.10986328125,4212020000,19700.259765625,7229510000,-0.18715258393822154,0.3172294216548188,14.122553983894674,-0.8570353567738387,11.688558033613386,-11.043105605120918,15.548227486558545,19700.259765625,-0.1767924389033837
2024-12-06,78.21426391601562,1136900,25.386653900146484,104600,12.779999732971191,3423200,6090.27001953125,3924830000,19859.76953125,6787610000,0.24923453675373963,-0.012689772962293233,13.943815818117198,0.6629026590184051,11.55789883061296,1.497856787909102,15.046086344084744,19859.76953125,0.8064232150157835
2024-12-09,77.5584945678711,697700,25.287988662719727,142000,14.279999732971191,6905900,6052.85009765625,4556460000,19736.689453125,7884620000,-0.6163167285226478,-0.8419613653557256,13.455544489927329,-0.38940723452620674,11.863582336583399,11.097851015682592,15.747886676665058,19736.689453125,-0.6216741480439936
2024-12-10,79.64501190185547,1168300,25.564252853393555,115200,14.09000015258789,2857500,6034.91015625,4048410000,19687.240234375,6843850000,-0.29682843142797566,2.654698890050433,13.97106025870524,1.0865476147290831,11.654425027243928,-1.3394601471836243,14.865457674651102,19687.240234375,-0.2508590344699968
2024-12-11,83.53983306884766,1342800,25.50505256652832,75500,14.40999984741211,2208600,6084.18994140625,4269950000,20034.890625,6639720000,0.8132626411368804,4.774415166587875,14.110267544088018,-0.23184303328913636,11.231887935237117,2.2457062682297746,14.607869388595168,20034.890625,1.750456282243995
2024-12-12,82.41708374023438,1004400,25.228788375854492,58900,13.279999732971191,3655700,6051.25,3678010000,19902.83984375,7047550000,-0.5428731461464054,-1.3530818478028728,13.819900906265566,-1.08908340541225,10.983596369639677,-8.16632754817066,15.111798151296547,19902.83984375,-0.6612857611765222
2024-12-13,81.95011138916016,706400,25.366920471191406,58100,13.350000381469727,2746500,6051.08984375,3584960000,19926.720703125,6028250000,-0.0026466989371698446,-0.56820779486495,13.467936928271888,0.5460243237088047,10.969920942840002,0.5257289480073091,14.825837931764813,19926.720703125,0.11991526850287926
2024-12-16,83.52989196777344,903000,25.968780517578125,67800,12.319999694824219,5161600,6074.080078125,4391100000,20173.890625,8855040000,0.37921550087851585,1.9093891010421693,13.713477832399123,2.3449085636403133,11.124317473928487,-8.029248008615752,15.456757166913027,20173.890625,1.2327645085647987
2024-12-17,81.96003723144531,883600,25.653051376342773,103000,14.369999885559082,13792100,6050.60986328125,4544500000,20109.060546875,9534350000,-0.3871479480656248,-1.897277779832507,13.6917597505281,-1.2232540638484668,11.542484267211773,15.391875879244399,16.439606522439373,20109.060546875,-0.32187380621557793
2024-12-18,78.20433044433594,1103100,24.3309326171875,102200,13.84000015258789,9177000,5872.16015625,5246960000,19392.689453125,9996120000,-2.9936505304517524,-4.690675509012721,13.913634955957473,-5.2914038536540975,11.534686956751742,-3.757973091239597,16.03221091180115,19392.689453125,-3.627432423655641
2024-12-19,78.97931671142578,923100,24.91305923461914,183900,13.109999656677246,5629200,5867.080078125,4896880000,19372.76953125,8029590000,-0.08654867505377695,0.9860981864313167,13.735492849978243,2.3643645194092233,12.122147410592412,-5.418768962690512,15.54347789410455,19372.76953125,-0.10277150922579636
2024-12-20,79.66488647460938,6269400,24.636795043945312,333000,14.770000457763672,7371800,5930.85009765625,8223220000,19572.599609375,10962450000,1.0810479402397988,0.8642913098350746,15.651191214250257,-1.115107430269635,12.71589776896258,11.922285594833415,15.813172467723964,19572.599609375,1.0262161393740143
2024-12-23,79.10848236083984,749800,25.03145980834961,129500,14.880000114440918,3258700,5974.06982421875,3593280000,19764.880859375,6820720000,0.7260849585616569,-0.7008812567955935,13.527561783283948,1.5892367153303777,11.771436160121729,0.741990955977867,14.996838900805656,19764.880859375,0.9776059833409789
2024-12-24,80.11199188232422,242000,25.1301212310791,36300,14.829999923706055,1699000,6040.0400390625,1757720000,20031.130859375,4739190000,1.0982233165126587,1.2605449319712747,12.396693005138824,0.39337496112406,10.499573020252942,-0.33658860905951826,14.34555040065407,20031.130859375,1.338093749345326
2024-12-26,80.53922271728516,686700,25.5247859954834,47600,14.579999923706055,3575600,6037.58984375,2904530000,20020.359375,6467910000,-0.04057410882580825,0.5318750227814917,13.439652794608767,1.558280419990865,10.770588040219511,-1.7001429657541145,15.089643552195835,20020.359375,-0.053788184018443985
2024-12-27,79.44629669189453,396000,25.218921661376953,58100,13.800000190734863,4429000,5970.83984375,3159610000,19722.029296875,7765120000,-1.1117304964912478,-1.3663024397446932,12.889169490236618,-1.2055407559513398,10.969920942840002,-5.498211536320552,15.303684382905335,19722.029296875,-1.5013475124037612
2024-12-30,79.25751495361328,470900,25.475452423095703,42800,13.569999694824219,3342300,5906.93994140625,3433250000,19486.7890625,8384090000,-1.0759673941729275,-0.23790459140666798,13.062401036231647,1.012076610273871,10.664293381569887,-1.6807154626752308,15.022169750715518,19486.7890625,-1.199949740175299
2024-12-31,78.85015106201172,695300,25.544517517089844,84300,13.600000381469727,3312900,5881.6298828125,3128350000,19310.7890625,8873030000,-0.429400645898248,-0.5153004952600071,13.452098686087108,0.2707376592409716,11.342137143989946,0.2208369433477131,15.013334496703331,19310.7890625,-0.9072793498939191
2025-01-02,79.21778106689453,624100,25.60396957397461,67900,14.800000190734863,5018500,5868.5498046875,3621680000,19280.7890625,8737550000,-0.22263631494485736,0.4651552820322813,13.344065890922135,0.23246859111578644,11.125791313546788,8.455737286630916,15.428641642235991,19280.7890625,-0.15547436772820333
2025-01-03,80.22128295898438,470500,25.871503829956055,70800,15.279999732971191,2939900,5942.47021484375,3667340000,19621.6796875,8214050000,1.2517356707824945,1.2588071178035065,13.06155123800757,1.039472382534834,11.16761427968181,3.191757260510686,14.893886125130946,19621.6796875,1.7525846633347442
2025-01-06,80.26102447509766,458000,25.584152221679688,78100,16.290000915527344,8560800,5975.3798828125,4940120000,19864.98046875,9586840000,0.5522766496818932,0.04952759909935267,13.034624463096321,-1.1169018821524546,11.265745335827777,6.400671255308676,15.962704201694928,19864.98046875,1.2323344610488007
2025-01-07,78.61170196533203,684900,25.06890296936035,57900,17.59000015258789,7779400,5909.02978515625,4517330000,19489.6796875,13371130000,-1.1166021516636704,-2.076356089185527,13.437028121185996,-2.0344953440394775,10.966472663561087,7.677908860840876,15.86698977235799,19489.6796875,-1.9073327392673534
2025-01-08,79.27738952636719,828500,25.49497413635254,94700,14.989999771118164,6514200,5918.25,4441740000,19478.880859375,8851720000,0.15591440938305112,0.8432393894120871,13.627372115848754,1.6853187535466496,11.45846927917417,-15.994727057862423,15.689494967447999,19478.880859375,-0.05542328610488312
2025-01-10,77.7075424194336,807000,25.05899429321289,79000,14.710000038146973,4831700,5827.0400390625,4751930000,19161.630859375,8608880000,-1.5531637650232355,-2.000063851612044,13.601078947252086,-1.724852333918525,11.27720313144916,-1.8855759638924052,15.390708930576652,19161.630859375,-1.6420958971421484
2025-01-13,78.61170196533203,929800,25.286893844604492,59100,14.460000038146973,3884200,5836.22021484375,4421200000,19088.099609375,7830760000,0.15742043780537784,1.1568244621999568,13.742724788238622,0.9053414944300453,10.98698620339419,-1.7141317837892078,15.172427600373489,19088.099609375,-0.3844803070778724
2025-01-14,80.12193298339844,656100,25.752599716186523,78900,14.25,3535100,5842.91015625,4142280000,19044.390625,7168110000,0.11456233341640143,1.9029068290218554,13.394068495332968,1.8249350213424442,11.275936506833965,-1.462931265406242,15.078252145455837,19044.390625,-0.2292480939427577
2025-01-15,80.71807098388672,617600,25.950773239135742,45600,14.5,2878000,5949.91015625,4544570000,19511.23046875,7260250000,1.8147132504516605,0.7412841527076885,13.333596277692703,0.7665824571621904,10.727662995502477,1.7391742711869274,14.87260616642945,19511.23046875,2.421761843330117
2025-01-16,81.32415008544922,872700,26.188581466674805,41900,14.210000038146973,2837100,5937.33984375,4285810000,19338.2890625,7085990000,-0.2114924340865798,0.7480543327964106,13.679347133151403,0.9122087449283001,10.643041105910228,-2.020270463300333,14.858292961671713,19338.2890625,-0.8903201414792505
2025-01-17,81.59242248535156,810900,26.14894676208496,60400,13.90999984741211,2990100,5996.66015625,4366830000,19630.19921875,7996360000,0.9941478308393314,0.3293374494068857,13.60590002093265,-0.15145809711643032,11.008744383922906,-2.133794982782833,14.910817389623658,19630.19921875,1.4982137074960988
2025-01-21,82.13888549804688,1070100,26.39666175842285,182500,13.699999809265137,3605300,6049.240234375,4702920000,19756.779296875,8015780000,0.8730009440595765,0.6675144155532386,13.883262660015093,0.9428640697103585,12.114505452004684,-1.5212176053870596,15.097915542991903,19756.779296875,0.6427531061296676
2025-01-22,80.93666076660156,710200,25.88141441345215,107800,13.050000190734863,4234200,6086.3701171875,4323040000,20009.33984375,7219060000,0.6119181086994274,-1.4744657181309684,13.473301899491124,-1.9712432712196026,11.588032937457033,-4.860767052742565,15.258704966216976,20009.33984375,1.27024687481736
2025-01-23,81.30428314208984,642200,25.950773239135742,76200,13.579999923706055,5114900,6118.7099609375,4432250000,20053.6796875,6837700000,0.5299419459529275,0.45318154073461514,13.37265506063755,0.26762855369737437,11.241116741674738,3.9809968128038165,15.447668406834623,20053.6796875,0.22135057403449565
2025-01-24,80.33057403564453,723600,25.544519424438477,43700,14.680000305175781,4898600,6101.240234375,4214250000,19954.30078125,7708150000,-0.2859215984466701,-1.2048402211966902,13.491994032503277,-1.577861673258596,10.685103381083682,7.788792746247131,15.404460007971037,19954.30078125,-0.4967964365127031
2025-01-27,78.38317108154297,657900,26.376846313476562,87100,14.130000114440918,3019500,6012.27978515625,5198750000,19341.830078125,8870200000,-1.4688059032112122,-2.454104638600896,13.396808223074089,3.206380204828907,11.374812162840595,-3.8185839179329495,14.920601812730093,19341.830078125,-3.117458597795064
2025-01-28,79.53572082519531,523500,26.12912940979004,61000,13.390000343322754,3239100,6067.7001953125,4473640000,19733.58984375,7121740000,0.9175644177716435,1.4596989560230256,13.16829230929273,-0.9435830425986946,11.018629143155449,-5.379201945226431,14.990806071403341,19733.58984375,2.005213984420706
2025-01-29,78.99919128417969,505300,25.792236328125,50300,12.960000038146973,2800800,6039.31005859375,4115310000,19632.3203125,6497710000,-0.46898760569202835,-0.6768623797341,13.13290759128,-1.2977232198607247,10.82576035608783,-3.2640491475748767,14.845415648622593,19632.3203125,-0.5145048304205702
2025-01-30,79.59532928466797,612000,26.049861907958984,54200,13.3100004196167,2272600,6071.169921875,4634620000,19681.75,6679500000,0.5261548152180495,0.7517798294958133,13.324487561494463,0.9938938019006027,10.900436187427738,2.6647970065875715,14.636435108466046,19681.75,0.2514606763098115
2025-01-31,78.24407196044922,935200,25.940866470336914,71900,13.100000381469727,2687500,6040.52978515625,4843770000,19627.439453125,7947370000,-0.5059603990266837,-1.7122344943899748,13.748515689139996,-0.4192885951122882,11.183031543709138,-1.5903404606511629,14.804121951418056,19627.439453125,-0.2763251147539947
2025-02-03,77.51875305175781,574600,26.525476455688477,84200,13.359999656677246,3550200,5994.56982421875,4797210000,19391.9609375,8272460000,-0.7637690729495716,-0.9313186907066395,13.261429425527327,2.2286065656737186,11.340950200230418,1.9652883083756567,15.08251449789284,19391.9609375,-1.206996376411773
2025-02-04,75.7899398803711,1175000,26.39666175842285,82400,13.890000343322754,3032900,6037.8798828125,4410160000,19654.01953125,6477050000,0.7198907403029864,-2.2554317365469423,13.976778705560397,-0.48680932405069655,11.319340715897564,3.890403907282458,14.925029815471058,19654.01953125,1.3423278170909825
2025-02-05,77.80689239501953,989000,26.67410659790039,60400,14.34000015258789,3784100,6061.47998046875,4756250000,19692.330078125,6712220000,0.3901053915614128,2.626445387197318,13.804449610604848,1.045575090210349,11.008744383922906,3.188366432867884,15.146318635866027,19692.330078125,0.19473501029718676
2025-02-06,80.84724426269531,786500,26.634469985961914,50200,14.760000228881836,2879500,6083.56982421875,4847120000,19791.990234375,6642100000,0.3637674355266185,3.8331482418445972,13.575348001480469,-0.1487063500198893,10.82377030567982,2.886798886703401,14.873127225928863,19791.990234375,0.5048098440102677
2025-02-07,79.75430297851562,751300,26.198490142822266,45000,14.289999961853027,2187600,6025.990234375,4766900000,19523.400390625,7748940000,-0.9509845693660424,-1.3610804821601263,13.529560318357252,-1.6504460044363345,10.714417768752456,-3.2360845406937067,14.598315610454755,19523.400390625,-1.3663556084043904
2025-02-10,79.87353515625,638500,26.079586029052734,44800,14.220000267028809,1870100,6066.43994140625,4458760000,19714.26953125,9535440000,0.6690112295453687,0.14938772748092077,13.366876954454732,-0.4548917156601995,10.709963418403076,-0.49105461187970434,14.44150246333681,19714.26953125,0.9728949069707227
2025-02-11,80.30077362060547,460900,26.515567779541016,32300,13.369999885559082,2672700,6068.5,4324880000,19643.859375,9269380000,0.03395251436746349,0.5334681708235145,13.040936378708599,1.6579160068693533,10.382822509210747,-6.163606059917015,14.798599755376845,19643.859375,-0.3577925745959831
2025-02-12,78.90975952148438,975500,26.188581466674805,50100,13.289999961853027,2847200,6051.97021484375,4627960000,19649.94921875,7946550000,-0.2727583189647831,-1.7474340011273348,13.790705439045302,-1.240852999557207,10.821776287072955,-0.6001512699519207,14.86184661317812,19649.94921875,0.03099645474282653
2025-02-13,80.10205841064453,649800,26.406572341918945,41000,14.850000381469727,4479800,6115.06982421875,4763800000,19945.640625,8414510000,1.0372313214235263,1.4996636730051804,13.384419902217138,0.8289437627741147,10.621327345686446,11.098802108210304,15.315088960537503,19945.640625,1.4935850395989547
2025-02-14,80.7578125,881000,26.822734832763672,84400,16.360000610351562,3988300,6114.6298828125,4335190000,20026.76953125,7995720000,-0.0071946395573618815,0.8153154894198877,13.688812904918317,1.5636911042466561,11.343322680584048,9.683947754524747,15.198875632911587,20026.76953125,0.4059250734847808
2025-02-18,81.75138854980469,738200,27.724422454833984,184200,16.93000030517578,7569800,6129.580078125,4684980000,20041.259765625,8683170000,0.24420036555508062,1.2228088302958184,13.511970069578036,3.306385925753297,12.123777402803343,3.424784568863126,15.839677204985355,20041.259765625,0.07232816417968024
2025-02-19,81.08570098876953,587800,27.169538497924805,86300,19.6299991607666,30861300,6144.14990234375,4562330000,20056.25,8171530000,0.23741488668242994,-0.817616270754673,13.284142032966955,-2.021726424250536,11.36558487707152,14.797175136499163,17.245013529741126,20056.25,0.0747689078997027
2025-02-20,80.06231689453125,659000,27.1199951171875,65300,18.190000534057617,9061700,6117.52001953125,4813690000,19962.359375,7329270000,-0.4343604884288865,-1.2701339621557395,13.398478813484644,-0.18251545442162787,11.086747315264523,-7.6186943645788485,16.019567298386455,19962.359375,-0.4692356818072341
2025-02-21,77.88638305664062,1100400,27.278533935546875,147500,17.6200008392334,5094900,6013.1298828125,5434560000,19524.009765625,8461020000,-1.7211396672539792,-2.755415532523564,13.911184308032556,0.5828807138088976,11.901583454762012,-3.183735375236374,15.443750597360971,19524.009765625,-2.220349084751305
2025-02-24,79.07866668701172,1064600,26.882184982299805,152300,18.459999084472656,4049200,5983.25,4990120000,19286.9296875,7414760000,-0.4981493566251771,1.519200055692238,13.878109699720794,-1.4636291270290425,11.933607538883253,4.657151134188409,15.214029888706733,19286.9296875,-1.2217329979725022
2025-02-25,79.78411865234375,1049500,27.32807731628418,142200,18.719999313354492,3987300,5955.25,5374690000,19026.390625,7991440000,-0.4690715138396584,0.8881332413706922,13.863824418242825,1.64508479034704,11.864989796351278,1.3986254890156147,15.198624868077534,19026.390625,-1.3600652541899905
2025-02-26,79.18795776367188,883900,27.288442611694336,88300,18.540000915527344,3861400,5956.06005859375,4869580000,19075.259765625,7034450000,0.013601502958415779,-0.7500231446757155,13.692099213049039,-0.14513818016852476,11.388495386592052,-0.9661824850761391,15.166540369983853,19075.259765625,0.2565199508239857
2025-02-27,78.29374694824219,795200,27.070451736450195,85900,17.889999389648438,3959800,5861.56982421875,5057680000,18544.419921875,7700290000,-1.5991742678524545,-1.1356499189300706,13.586348934324501,-0.8020473794891902,11.360939107972346,-3.5688746115187353,15.191704076904735,18544.419921875,-2.822326423379984
2025-02-28,79.66488647460938,835300,26.822734832763672,68300,16.489999771118164,3545900,5954.5,6441140000,18847.279296875,8247520000,1.572978042066353,1.7361177874683165,13.635546220743997,-0.919294864550313,11.131665045558881,-8.14877407122463,15.081302564429018,18847.279296875,1.6199638130260041
2025-03-03,78.98925018310547,1026700,27.050634384155273,119200,14.130000114440918,5084200,5849.72021484375,5613850000,18350.189453125,8170140000,-1.7753402648310157,-0.8517147930152014,13.841860333287055,0.846061474013915,11.688558033613386,-15.445391789588792,15.441648249620789,18350.189453125,-2.6728670225256934
2025-03-04,77.69760131835938,1034800,26.753376007080078,98300,14.84000015258789,3492700,5778.14990234375,6138110000,18285.16015625,8469180000,-1.2310288231505595,-1.6487383743093886,13.849718729294011,-1.1049786045920662,11.495779306135258,4.902604322585624,15.06618563404272,18285.16015625,-0.35500884182120274
2025-03-05,79.41648864746094,1220300,27.01099967956543,181200,15.59000015258789,2712300,5842.6298828125,5285970000,18552.73046875,7048430000,1.1097472528735608,2.188162644523217,14.014607288119931,0.9583507329881336,12.107356672591017,4.930344483579718,14.813307541393568,18552.73046875,1.4527162852122188
2025-03-06,79.02899169921875,894400,26.92182159423828,53900,16.020000457763672,3045200,5738.52001953125,5165080000,18069.259765625,7686200000,-1.797967710745496,-0.4891243599278283,13.703908381382972,-0.3307009145605555,10.89488575689709,2.7208277357489763,14.929077138414195,18069.259765625,-2.640483436141139
2025-03-07,81.53280639648438,1134800,27.565885543823242,71300,16.850000381469727,4158700,5770.2001953125,5705140000,18196.220703125,8135420000,0.5505435045455087,3.119070304510796,13.941966981916833,2.364180775066993,11.174651606402387,5.051270922279949,15.240713083399147,18196.220703125,0.7001779904527439
2025-03-10,80.34051513671875,1361000,27.516342163085938,84300,16.610000610351562,3967000,5614.56005859375,6409370000,17468.3203125,8636040000,-2.734354178842935,-1.4731430855815297,14.123730281633604,-0.17988885402790977,11.342137143989946,-1.4345719066290563,15.193520699496467,17468.3203125,-4.082494628796773
2025-03-11,81.50299835205078,1191600,27.922597885131836,155100,16.049999237060547,2419800,5572.06982421875,6221240000,17436.099609375,9177320000,-0.759664691853601,1.4365768297070147,13.990807499821264,1.4656232381723644,11.951825349164631,-3.429615833037758,14.699195450089514,17436.099609375,-0.18462253404738505
2025-03-12,78.32356262207031,1097100,27.833419799804688,88800,15.8100004196167,2525800,5599.2998046875,5219830000,17648.44921875,7746430000,0.48749679404913593,-3.9791323953714652,13.908180892805582,-0.3198871263583314,11.394141928980261,-1.5066124278254378,14.742068402194207,17648.44921875,1.210516934194139
2025-03-13,77.69760131835938,1082300,28.120769500732422,84400,15.0600004196167,2430400,5521.52001953125,5018980000,17303.009765625,7147050000,-1.3988366806465535,-0.8024099378602045,13.894598964283238,1.0270981695279513,11.343322680584048,-4.860042752785931,14.703566410823646,17303.009765625,-1.9767455295314207
2025-03-14,79.23262023925781,717900,28.913463592529297,135000,16.1200008392334,1808000,5638.93994140625,4863180000,17754.08984375,7093850000,2.1042905953198243,1.95636998988169,13.484085562564575,2.7798923430108147,11.813030057420567,6.8018538905364245,14.40773181993426,17754.08984375,2.5735441849176866
2025-03-17,81.11649322509766,845100,28.834192276000977,127500,17.3799991607666,2030800,5675.1201171875,5031770000,17808.66015625,6306340000,0.6395634974605713,2.3498223702492105,13.647210242532573,-0.2745440143949285,11.755871643580617,7.525928240983193,14.523940362055376,17808.66015625,0.3068961502188827
2025-03-18,79.0531997680664,730700,26.90200424194336,269800,16.8799991607666,2008800,5614.66015625,4666270000,17504.119140625,6450530000,-1.0710667074320668,-2.5765268824124554,13.50175825777931,-6.9361123777406775,12.505436222755792,-2.9190632099746594,14.513048086825512,17504.119140625,-1.7248631918485913
2025-03-19,81.18627166748047,637500,27.55597496032715,158500,16.979999542236328,1177300,5675.2900390625,4660090000,17750.7890625,6302310000,1.074060817295397,2.6625124128847766,13.365309556014719,2.4018598079671882,11.973509872299472,0.5906714474018582,13.978734239066288,17750.7890625,1.399373646236235
2025-03-20,79.33229064941406,766900,27.3478946685791,232500,17.1200008392334,1870300,5662.89013671875,4678420000,17691.630859375,6098330000,-0.21872835137823898,-2.3100922897145715,13.550111693752951,-0.7579840525156367,12.356645504009547,0.8211265810027513,14.441609403771091,17691.630859375,-0.3338274203285252
2025-03-21,76.99987030029297,3204600,26.25794219970703,927900,17.030000686645508,2660500,5667.56005859375,9367460000,17784.05078125,8837930000,0.08243136078327495,-2.984150440189559,14.980097835555917,-4.067104525780207,13.740679247341271,-0.5270884739881687,14.79402463301856,17784.05078125,0.521033714829322
2025-03-24,79.21268463134766,909700,23.552879333496094,357200,17.200000762939453,1982500,5767.56982421875,4517990000,18188.58984375,6787790000,1.7492117128638185,2.833270804244581,13.720870153810154,-10.872042558374195,12.78605112798448,0.9932893181995528,14.49986923249114,18188.58984375,2.2492433713106053
2025-03-25,78.96349334716797,659700,24.02849578857422,236400,17.290000915527344,2156400,5776.64990234375,4467340000,18271.859375,6475790000,0.15730954906540973,-0.3150809350943362,13.399540465210963,1.9992372878864906,12.37328056451408,0.5218924470109965,14.583950722559651,18271.859375,0.45676714253133355
2025-03-26,78.63455963134766,435900,24.0582218170166,161100,16.100000381469727,3573400,5712.2001953125,4183140000,17899.01953125,9091510000,-1.1219640357598593,-0.41743433658805174,12.985168138226484,0.12363510636226316,11.989780569165065,-7.130905696227208,15.089028081481203,17899.01953125,-2.0616200686131236
2025-03-27,77.259033203125,613100,23.919498443603516,176800,15.930000305175781,1382700,5693.31005859375,4403460000,17804.029296875,8002470000,-0.3312461007132228,-1.7647449156293682,13.32628333375078,-0.5782840837353032,12.08277442918568,-1.0615152604932732,14.13954866737671,17804.029296875,-0.5321139881685255
2025-03-28,76.34200286865234,576000,24.226669311523438,182100,15.850000381469727,2246100,5580.93994140625,4513330000,17322.990234375,7015410000,-1.9934601126852414,-1.1940560474299922,13.263862939678027,1.2760103245336385,12.1123112657157,-0.5034618688476211,14.624705936886887,17322.990234375,-2.739026211519935
2025-03-31,75.89346313476562,1156300,24.266300201416016,263100,16.18000030517578,3643100,5611.85009765625,5257250000,17299.2890625,8122180000,0.5523240357645065,-0.5892727149520383,13.960735810117054,0.16345007993430194,12.480289467028385,2.0606406100862174,15.108345525517885,17299.2890625,-0.1369128552983767
2025-04-01,77.26899719238281,486500,24.32602310180664,133000,16.684999465942383,2865500,5633.06982421875,4434500000,17449.890625,7756540000,0.3774104555212432,1.7962247906898376,13.094992180608196,0.24581220408101956,11.79810440720389,3.073414970344679,14.86825341297393,17449.890625,0.8667974714338555
2025-04-02,79.13294219970703,816300,24.266300201416016,98000,16.829999923706055,1711400,5670.97021484375,4243830000,17601.05078125,9126630000,0.6705661429483811,2.3836446885927565,13.612537213439447,-0.24581220408101956,11.49272275765271,0.8652923474414376,14.352822306966091,17601.05078125,0.8625223021553552
2025-04-03,73.84014129638672,832000,24.276254653930664,113100,15.425000190734863,2352400,5396.52001953125,7210470000,16550.609375,9461330000,-4.9605911828995986,-6.922674703802123,13.631587719803345,0.04101330341530485,11.636027662104212,-8.717342151274465,14.670946641567937,16550.609375,-6.1535682355122745
2025-04-04,70.37139892578125,1164000,23.93783950805664,315900,14.710000038146973,2960500,5074.080078125,8853500000,15587.7900390625,11038180000,-6.160906189823123,-4.811558838367969,13.96737290727352,-1.403824792017483,12.663180986790177,-4.746204495014483,14.900868730953968,15587.7900390625,-5.993500339669389
2025-04-07,69.5739974975586,1245600,23.270963668823242,183500,13.350000381469727,3553600,5062.25,8691980000,15603.259765625,12483580000,-0.2334194605962736,-1.1396016995311342,14.035127899501926,-2.825406098997707,12.119969946476761,-9.701112378584442,15.0834717321223,15603.259765625,0.09919337712460674
2025-04-08,68.27820587158203,1245700,23.649192810058594,176100,12.385000228881836,4925600,4982.77001953125,7408140000,15267.91015625,10496650000,-1.5825083277055896,-1.880027682674612,14.035208178874184,1.6122594748062102,12.078807294484298,-7.503033199887854,15.409956652579137,15267.91015625,-2.172660134366211
2025-04-09,75.4748306274414,1345300,23.549659729003906,256900,14.350000381469727,5338700,5456.89990234375,9489600000,17124.970703125,13479740000,9.089487983303712,10.020860996710024,14.112127594473634,-0.4217612219092004,12.456442183097975,14.726388736699514,15.49049273560578,17124.970703125,11.47844229625985
2025-04-10,72.37489318847656,931900,23.489940643310547,136400,11.579999923706055,6605600,5268.0498046875,6677140000,16387.310546875,11861670000,-3.522060702411167,-4.193977141697847,13.744980791773747,-0.2539099707688841,11.823347024391499,-21.447050323246053,15.703428332085355,16387.310546875,-4.4030385188838395
2025-04-11,73.88001251220703,704300,23.858213424682617,114100,12.760000228881836,4570400,5363.35986328125,5602550000,16724.4609375,9444890000,1.7930380835776916,2.058286460435621,13.464959680733502,1.5556264667339725,11.644830535850167,9.703583029766616,15.33511128639239,16724.4609375,2.0365086361595175
2025-04-14,73.50123596191406,780000,23.858213424682617,150000,13.920000076293945,4948900,5405.97021484375,5031440000,16831.48046875,9667260000,0.7913319326343426,-0.5140102803777857,13.567049198665774,0.0,11.918390573078392,8.701136453306857,15.414675887627634,16831.48046875,0.637859583840239
2025-04-15,73.29191589355469,715500,23.91793441772461,109900,12.6850004196167,3592300,5396.6298828125,4317110000,16823.169921875,7483050000,-0.17292752253013077,-0.28519070213661735,13.480736877978643,0.2500035136551393,11.607326140391713,-9.290643425616008,15.094303223847673,16823.169921875,-0.04938721363885179
2025-04-16,70.69036865234375,1474200,23.7188663482666,103500,12.489999771118164,2232200,5275.7001953125,4607750000,16307.16015625,7909190000,-2.2663253964902097,-3.614097963863472,14.203626027737325,-0.8357791667039205,11.547326891687561,-1.5491920318721153,14.618498204203751,16307.16015625,-3.1152813505196164
2025-04-17,70.72026824951172,2817300,24.117000579833984,109000,12.640000343322754,1828500,5282.7001953125,4714880000,16286.4501953125,7046290000,0.13259586237737153,0.04228762173568157,14.851289537460815,1.6646230143839702,11.59910316121128,1.1938110068042018,14.419006516571573,16286.4501953125,-0.12707990002471803
2025-04-21,68.22836303710938,1173100,23.579519271850586,97100,12.100000381469727,1897400,5158.2001953125,4226340000,15870.900390625,6678730000,-2.384964833401959,-3.5871852738426746,13.975160375493811,-2.2538502269124905,11.483496654279417,-4.366093175120245,14.455995085940913,15870.900390625,-2.5846217431704233
2025-04-22,70.05243682861328,1095200,24.22648811340332,75900,13.050000190734863,5127600,5287.759765625,4666950000,16300.419921875,6981900000,2.4806952125450366,2.63837004627554,13.906447552956376,2.7068076932664997,11.237171963383721,7.558266425528215,15.450148271420117,16300.419921875,2.670360124107418
2025-04-23,72.01605987548828,1150600,23.987607955932617,70200,11.920000076293945,6031400,5375.85986328125,5371390000,16708.05078125,8564870000,1.6523864366879693,2.7645088802029427,13.95579410341133,-0.9909222888450309,11.159103590013903,-9.057048034669846,15.61248971422649,16708.05078125,2.469981640865271
2025-04-24,73.74046325683594,830000,23.77858543395996,152700,11.71500015258789,4033400,5484.77001953125,4697710000,17166.0390625,7607400000,2.005662808258357,2.3662527117249255,13.62918097977278,-0.8751957874009619,11.936230491206723,-1.7347583052942372,15.21012025068788,17166.0390625,2.704227289949479
2025-04-25,72.77360534667969,604200,23.50984764099121,57100,12.5600004196167,4227200,5525.2099609375,4236580000,17382.939453125,7412930000,0.7346084795701202,-1.3198349545508137,13.311660547934709,-1.1366022030948386,10.952559395644101,6.9647109464265,15.257050393310143,17382.939453125,1.2556275157592722
2025-04-28,72.6041488647461,758500,23.171432495117188,85900,12.6899995803833,3366000,5528.75,4257880000,17366.130859375,10313290000,0.06405015390011926,-0.2331258445958717,13.539098077770724,-1.4499219967574195,11.360939107972346,1.029705421054894,15.029235653732888,17366.130859375,-0.09674270367412419
2025-04-29,72.59418487548828,641000,23.59942626953125,147800,12.84000015258789,2350700,5560.830078125,4747150000,17461.3203125,13001930000,0.5785641545557496,-0.013724660630476393,13.370784735902808,1.8302239163941358,11.903615287496239,1.1751061486032999,14.67022371410561,17461.3203125,0.5466359836987067
2025-04-30,73.32181549072266,901000,23.13161849975586,126800,12.234999656677246,2505100,5569.06005859375,5449490000,17446.33984375,8595330000,0.14788972519319543,0.9973363369705446,13.711260536590475,-2.002195327858791,11.750366320985263,-4.826464131167985,14.733839211863994,17446.33984375,-0.08582912519816688
2025-05-01,73.24208068847656,575200,23.03208351135254,110500,12.539999961853027,2947100,5604.14013671875,4935270000,17710.740234375,8409690000,0.6279345716452056,-0.10880552740610838,13.262473085388974,-0.4312268657421292,11.612770799939945,2.462286332882435,14.896332193957157,17710.740234375,1.5041372884846638
2025-05-02,75.30538177490234,450100,23.06194496154785,92000,13.100000381469727,2693900,5686.669921875,4854380000,17977.73046875,8180190000,1.4619191109114027,2.7781474781552795,13.017225059281024,0.12956756162210148,11.429543856031177,4.368872716418037,14.80650051573863,17977.73046875,1.4962547298637219
2025-05-05,74.91664123535156,473700,23.002225875854492,95400,12.920000076293945,3795700,5650.3798828125,4358260000,17844.240234375,7075320000,-0.640204702931868,-0.517555814396875,13.068329488911843,-0.25928663455832,11.465833857436378,-1.3835755067372002,15.149379405030393,17844.240234375,-0.7453015547403297
2025-05-06,73.57100677490234,562300,23.151525497436523,99900,14.369999885559082,14247500,5606.91015625,4717260000,17689.66015625,6958220000,-0.7722985278391548,-1.8125026786860232,13.239790794280292,0.6469686121140406,11.511924964636645,10.636618786749619,16.47209201069129,17689.66015625,-0.8700483287599425
2025-05-07,73.56104278564453,662000,22.703622817993164,98100,14.770000457763672,5324500,5631.27978515625,4987440000,17738.16015625,7977870000,0.43369381067090984,-0.0135442812124964,13.403020834919145,-1.9536167319087028,11.493742645553455,2.7455435409033058,15.487829368437575,17738.16015625,0.27379629833443886
2025-05-08,74.6076431274414,669500,23.231151580810547,96400,18.290000915527344,9933700,5663.93994140625,5627400000,17928.140625,8500390000,0.5783021147466982,1.4127381129824812,13.414286444113364,2.296961129484565,11.476261480598637,21.375638492285365,16.111443574877942,17928.140625,1.0653320438434477
2025-05-09,74.74718475341797,405000,23.330686569213867,105600,19.84000015258789,8342900,5659.91015625,4645090000,17928.919921875,8835140000,-0.07117341348763517,0.18685926469048653,12.911642346088676,0.427539564479007,11.567413650254299,8.134559708870581,15.936921435716249,17928.919921875,0.004346685775402648
2025-05-12,77.9567642211914,858900,23.47003173828125,150500,19.15999984741211,8895900,5844.18994140625,6014580000,18708.33984375,10717670000,3.203997667701941,4.204281874941351,13.663407779754316,0.5954847954215303,11.921718363171067,-3.4875344968811284,16.001101054402127,18708.33984375,4.255435818867426
2025-05-13,78.7940444946289,865800,24.744064331054688,249800,18.149999618530273,6605400,5886.5498046875,5516290000,19010.08984375,9242230000,0.7222059020246974,1.0683048379044102,13.671409213990017,5.286127309068478,12.428415876673615,-5.415422488559329,15.70339805428655,19010.08984375,1.6000477230360133
2025-05-14,79.06317138671875,930000,25.35121726989746,203400,17.93000030517578,5113800,5892.580078125,5233450000,19146.810546875,11744820000,0.10238912422764201,0.34097542052267116,13.742939865129438,2.424111217653646,12.222929762596596,-1.2195235055802112,15.447453325738444,19146.810546875,0.7166268058307779
2025-05-15,78.7940444946289,883500,25.938467025756836,156400,20.84000015258789,7484700,5916.93017578125,4991290000,19112.3203125,10546350000,0.41238174387565607,-0.34097542052267116,13.691646570741888,2.290033279594361,11.960172107093348,15.039891956960005,15.828371494872314,19112.3203125,-0.18029810371285038
2025-05-16,79.12297058105469,555400,26.376415252685547,118100,22.020000457763672,7286100,5958.3798828125,4850850000,19211.099609375,10509820000,0.698084936809984,0.4165815342322965,13.227443853854837,1.6743169009567183,11.679287002185454,5.507692787603258,15.801478981408422,19211.099609375,0.5155047009228753
2025-05-19,78.2458267211914,354600,26.814363479614258,101000,20.760000228881836,6188500,5963.60009765625,4144010000,19215.4609375,13080030000,0.08757295660490882,-1.1147736509211192,12.778745672622245,1.6467445452149398,11.522875795823397,-5.892308276024982,15.638203288962215,19215.4609375,0.02269954990339329
2025-05-20,77.63780212402344,1037700,26.356508255004883,158200,20.649999618530273,4585700,5940.4599609375,4416850000,19142.7109375,9047100000,-0.3887777069571996,-0.7801046013371504,13.85251728359337,-1.7222457588861761,11.97161533431569,-0.5312768388893385,15.338453323775282,19142.7109375,-0.379319887644769
2025-05-21,77.15935516357422,726800,26.525714874267578,106600,19.84000015258789,3302500,5844.60986328125,5254250000,18872.640625,11112460000,-1.626671926775991,-0.6181618479080164,13.496406615504153,0.6399398009369506,11.57683879071388,-4.001519138628273,15.010190315378617,18872.640625,-1.4208725951210255
2025-05-22,75.85359191894531,638600,26.3664608001709,103600,14.944999694824219,18329800,5842.009765625,5157050000,18925.740234375,8289710000,-0.044497002242138706,-1.7067770639441981,13.367033559262818,-0.6021856855576768,11.54829260880752,-28.332333423167277,16.724038708681622,18925.740234375,0.28096253383562697
2025-05-23,75.61437225341797,629200,26.665063858032227,92300,16.704999923706055,7973800,5802.81982421875,4662820000,18737.2109375,8730370000,-0.673089959147255,-0.31586859403773815,13.35220445016626,1.1261460632263631,11.432799420490943,11.133129592561186,15.891671725093968,18737.2109375,-1.0011476301874822
2025-05-27,78.18601989746094,827700,27.242359161376953,122000,17.219999313354492,3873500,5921.5400390625,5366380000,19199.16015625,93974540000,2.0252580802184283,3.3444483590362672,13.626406048873488,2.14188451672368,11.711776323715394,3.0363387883112214,15.169669049054095,19199.16015625,2.4355099856634865
2025-05-28,76.81048583984375,685400,26.734737396240234,91500,16.920000076293945,2371000,5888.5498046875,4665050000,19100.939453125,8087530000,-0.5586802576445393,-1.7749692672964557,13.437757888422645,-1.8809338161275058,11.424094251263613,-1.7575100437524416,14.678822365047543,19100.939453125,-0.5129016344575632
2025-05-29,77.68763732910156,653300,27.043291091918945,99800,16.600000381469727,1955300,5912.169921875,4569750000,19175.869140625,11016850000,0.4003170870632289,1.1354971774430567,13.38979172082884,1.1475209866167457,11.510923462299555,-1.9093640344574059,14.486054192314366,19175.869140625,0.3915153115720216
2025-05-30,77.61786651611328,1052800,26.90394401550293,190100,17.860000610351562,3933000,5911.68994140625,6378540000,19113.76953125,9042260000,-0.008118845699556232,-0.08984976830141989,13.86696383955319,-0.5166062210550937,12.15530552847652,7.316089127997083,15.184913051413947,19113.76953125,-0.3243679803581756
2025-06-02,77.1194839477539,691700,27.05324363708496,88900,17.100000381469727,3048600,5935.93994140625,4832240000,19242.609375,7779940000,0.4093651490626016,-0.6441680566971364,13.446907614588676,0.5534017212776909,11.395267421501996,-4.348512380578695,14.930193026809878,19242.609375,0.671806526030494
2025-06-03,78.41527557373047,566400,27.401611328125,99400,18.110000610351562,3663300,5970.3701171875,5026680000,19398.9609375,7990230000,0.5783533535369756,1.6662791147818545,13.247055821361647,1.279490851079057,11.506907392644665,5.738581978099688,15.113874938489223,19398.9609375,0.8092446269296616
2025-06-04,77.63780212402344,630100,27.003475189208984,55200,17.469999313354492,2216700,5970.81005859375,4767050000,19460.490234375,7695660000,0.007368474471824982,-0.9964300530762138,13.353633815930147,-1.4636250827468889,10.918718232265187,-3.597922075608251,14.611530161444849,19460.490234375,0.31667636283820855
2025-06-05,76.95999908447266,604200,27.043291091918945,89400,17.739999771118164,2774400,5939.2998046875,5091850000,19298.44921875,8782360000,-0.5291357978697064,-0.8768654886818439,13.311660547934709,0.14733873144523457,11.400875961161606,1.5336879137713755,14.83594506556836,19298.44921875,-0.8361527018207582
2025-06-06,77.41999816894531,843400,27.093055725097656,60600,18.190000534057617,2054800,6000.35986328125,4355710000,19529.94921875,7291590000,1.0228196215376073,0.5959327037269979,13.645196620294596,0.18384929948891404,11.012050172057405,2.505005791057391,14.535689077575249,19529.94921875,1.192440339640477
2025-06-09,77.44000244140625,1421800,28.1779727935791,175800,18.719999313354492,2784900,6005.8798828125,4642360000,19591.240234375,9538700000,0.0919525186391823,0.025835299616971952,14.16743423247752,3.926311736807664,12.077102264233213,2.8720412479676494,14.839722524056134,19591.240234375,0.31333947985157096
2025-06-10,78.43000030517578,806500,28.227741241455078,163500,20.93000030517578,4974300,6038.81005859375,4882880000,19714.990234375,11221560000,0.5468012541646416,1.2703036620889563,13.600459176547401,0.17646602526855126,12.004568269319446,11.15911166690271,15.419795215157574,19714.990234375,0.6296732472312883
2025-06-11,78.36000061035156,705900,28.0684871673584,87500,20.829999923706055,2842700,6022.240234375,5111550000,19615.880859375,10214190000,-0.2747660318286549,-0.08929102502239772,13.467228863383564,-0.5657732441660901,11.379394072345706,-0.47892994285057,14.860264862729702,19615.880859375,-0.5039785899507265
2025-06-12,76.44000244140625,716900,28.108299255371094,93300,21.020000457763672,2510000,6045.259765625,4669500000,19662.490234375,16308730000,0.38151330716758025,-2.4807449554481664,13.482691639840963,0.14173859778399134,11.443575386835436,0.9080135616149398,14.735793311107967,19662.490234375,0.23732856317266737
2025-06-13,74.2699966430664,1406400,28.048580169677734,104300,23.299999237060547,7919600,5976.97021484375,5258910000,19406.830078125,9001850000,-1.1360668590102208,-2.879909482877707,14.15654380591305,-0.21268670487639696,11.555026640988864,10.297894060113721,15.88485125746468,19406.830078125,-1.308770173048046
2025-06-16,74.05000305175781,1343300,28.894617080688477,133500,23.979999542236328,6911700,6033.10986328125,5111710000,19701.2109375,9619130000,0.9348823148188856,-0.29664745562207884,14.110639831051104,2.9717304735235928,11.801856756822442,2.876680268250187,15.748726185746323,19701.2109375,1.5055032772071542
2025-06-17,72.61000061035156,1397300,28.4367618560791,291100,15.960000038146973,33137600,5982.72021484375,4955700000,19521.08984375,8519930000,-0.8387259723644291,-1.963792012788712,14.15005236106854,-1.5972577921032904,12.581422129733715,-40.713453609814955,17.316179147304023,19521.08984375,-0.918469117772247
2025-06-18,72.7699966430664,1527000,29.183263778686523,254400,16.979999542236328,13043100,5980.8701171875,5106470000,19546.26953125,7818790000,-0.030928803471930166,0.2201074430215222,14.23881558420077,2.5912647027106495,12.446663110448105,6.195055951238571,16.383769816270817,19546.26953125,0.12890398219589372
2025-06-20,73.5,4305200,28.98419761657715,422600,16.520000457763672,5965500,5967.83984375,7451500000,19447.41015625,9969140000,-0.2181035215588878,0.9981669990531294,15.275334152372281,-0.6844614996101228,12.954181384164093,-2.7464358121712884,15.601503432297992,19447.41015625,-0.5070544129296195
2025-06-23,76.9800033569336,1106300,29.88995361328125,278500,16.059999465942383,4286600,6025.169921875,5597000000,19630.970703125,9088000000,0.9560655071259916,4.626028524467518,13.916531672023002,3.0771652684344453,12.537173338349476,-2.824012053778091,15.27100443588517,19630.970703125,0.9394549768279248
2025-06-24,77.52999877929688,1209400,29.461957931518555,279800,18.93000030517578,9408200,6092.18017578125,5443690000,19912.529296875,8330090000,1.106032861695816,0.7119251022488449,14.00563492682125,-1.4422554878137817,12.541830341213517,16.441630607779256,16.05709220739799,19912.529296875,1.424068946903212
2025-06-25,77.18000030517578,750400,29.392284393310547,127400,19.09000015258789,5355000,6092.16015625,5171110000,19973.55078125,8256120000,-0.0003286108348987682,-0.4524582422402723,13.528361676674152,-0.23676652014881228,11.7550870221202,0.841666438822708,15.493541261863987,19973.55078125,0.30597908776197613
2025-06-26,79.27999877929688,1002900,29.999439239501953,162200,20.065000534057617,7069300,6141.02001953125,5308140000,20167.91015625,8383380000,0.7988131032517387,2.6845514560815964,13.818406361076299,2.0446485170150464,11.99658542066345,4.981238460452175,15.771272023069962,20167.91015625,0.9683797714934883
2025-06-27,79.5999984741211,17194400,29.690885543823242,234700,19.799999237060547,3623000,6173.06982421875,7889350000,20273.4609375,10951070000,0.5205399256150045,0.4028199056636872,16.660094307375203,-1.0338574807102319,12.366063381839115,-1.3295131167064156,15.102812969877215,20273.4609375,0.5219952640825198
2025-06-30,79.47000122070312,1100800,29.8799991607666,241600,20.399999618530273,6300400,6204.9501953125,5782900000,20369.73046875,8220420000,0.5151137506128833,-0.16344663683636185,13.911547746161217,0.6349217514068695,12.395038745042797,2.9852982982480736,15.656123681409717,20369.73046875,0.4737310627437097
2025-07-01,82.06999969482422,1230000,30.649999618530273,100200,21.860000610351562,7874200,6198.009765625,6275310000,20202.890625,8631710000,-0.11191571098798647,3.2192930610498216,14.0225247273486,2.5443317758403694,11.5149234676329,6.912362851864939,15.879102150214043,20202.890625,-0.822430395968432
2025-07-02,83.1500015258789,949800,30.940000534057617,130900,23.600000381469727,5804900,6227.419921875,5645710000,20393.130859375,8378750000,0.47338743064901934,1.307368606671666,13.764006715097159,0.9417212469767566,11.782188951897991,7.658821752621225,15.574212946436896,20393.130859375,0.9372427149916263
2025-07-03,82.63999938964844,533500,31.290000915527344,63100,27.540000915527344,9478800,6279.35009765625,3378110000,20601.099609375,6177910000,0.830437821066532,-0.6152406564139845,13.187214349723945,1.1248724534219878,11.052476048529304,15.43927983485216,16.06456828394051,20601.099609375,1.014633190006009
2025-07-07,82.19000244140625,779000,30.639999389648438,89200,26.43000030517578,6163800,6229.97998046875,5236740000,20412.51953125,8345710000,-0.7893368104245013,-0.5460147560888196,13.565766324852886,-2.0992261987913263,11.398636318568101,-4.11397863812919,15.63420402843241,20412.51953125,-0.9196038342746959
2025-07-08,83.25,1102800,30.309999465942383,108100,26.149999618530273,6784200,6225.52001953125,5739030000,20418.4609375,8437480000,-0.07161432504698695,1.281445899572553,13.91336295813178,-1.0828651502437392,11.590812003627299,-1.0650564239586213,15.730106937151392,20418.4609375,0.029102442428374786
2025-07-09,84.83000183105469,819600,30.399999618530273,55400,27.09000015258789,4493000,6263.259765625,4813340000,20611.33984375,9978310000,0.6043802776780183,1.8801146544079828,13.616571695346881,0.2964922413966953,10.922334872735375,3.5315485806452607,15.318031188052297,20611.33984375,0.9401962641790718
2025-07-10,85.62000274658203,1074900,30.3700008392334,89700,27.56999969482422,3106300,6280.4599609375,5367350000,20630.66015625,9781380000,0.2742441072925317,0.9269657390910346,13.887738191961155,-0.09872891725408728,11.404226048046887,1.756355223694861,14.948942865277004,20630.66015625,0.09369241992782662
2025-07-11,86.38999938964844,965800,29.969999313354492,95400,25.6200008392334,3518300,6259.75,4656210000,20585.529296875,8135800000,-0.33029717732251385,0.8952988510177562,13.78071205242158,-1.325844827381184,11.465833857436378,-7.335488474102947,15.073488476368716,20585.529296875,-0.218995875217054
2025-07-14,85.87000274658203,837700,31.0,211900,26.719999313354492,3742700,6268.56005859375,4722250000,20640.330078125,8010060000,0.14064243309359625,-0.6037364635977482,13.6384153201419,3.3790346067669397,12.263869744256391,4.203899374508291,15.135317834061803,20640.330078125,0.2658565005475566
2025-07-15,84.58999633789062,826700,29.809999465942383,122100,27.3700008392334,5534800,6243.759765625,5133670000,20677.80078125,8399060000,-0.3964145065671332,-1.5018543646283078,13.625197151240767,-3.9143314710551103,11.712595660098795,2.4035230744481773,15.526565989777366,20677.80078125,0.18137661417920725
2025-07-16,84.94000244140625,756000,29.540000915527344,77500,24.959999084472656,6053200,6263.7001953125,5177460000,20730.490234375,9056640000,0.3188568525382962,0.4129140604379522,13.53579665516167,-0.9098581678560702,11.258033215341438,-9.217304689367056,15.616097615795008,20730.490234375,0.2544875930357904
2025-07-17,85.81999969482422,1316000,29.290000915527344,68600,25.2549991607666,3439500,6297.35986328125,5512290000,20885.650390625,9994550000,0.5359380240012257,1.0306922379540673,14.0901073908674,-0.8499115999057949,11.136047813713976,1.174961586818446,15.050836669948206,20885.650390625,0.7456764268427563
2025-07-18,84.4800033569336,790700,29.40999984741211,168500,26.6200008392334,4025100,6296.7900390625,5184700000,20895.650390625,9354580000,-0.009049030280827708,-1.5737216313000069,13.580673908059019,0.40885552806275705,12.034691028774553,5.263872180375939,15.208060313246673,20895.650390625,0.04786830473886283
2025-07-21,83.41999816894531,1068300,29.649999618530273,87200,28.829999923706055,6900800,6305.60009765625,5010840000,20974.1796875,12046970000,0.13981570056724735,-1.2626792875409798,13.88157915793398,0.8127365200372161,11.375959609897071,7.975366451058319,15.747147904875716,20974.1796875,0.37511204994142844
2025-07-22,85.69999694824219,1265600,29.670000076293945,103600,31.860000610351562,9445600,6309.6201171875,5662040000,20892.689453125,10583710000,0.0637328496667422,2.6964723174986993,14.051056875995526,0.06743242961713136,11.54829260880752,9.993481463522969,16.061059582575037,20892.689453125,-0.3892831680859743
2025-07-23,87.11000061035156,1054800,29.790000915527344,70700,29.06999969482422,5726900,6358.91015625,5642510000,21020.01953125,10972770000,0.7781532145703096,1.6318904843519277,13.86886173346127,0.40363605837501204,11.166200851884664,-9.164461956638004,15.560684930074602,21020.01953125,0.6075983773740745
2025-07-24,88.30000305175781,1302300,29.719999313354492,95000,28.469999313354492,3219100,6363.35009765625,5282720000,21057.9609375,12741070000,0.06979799969322187,1.3568447333680567,14.079642489955795,-0.23526007121588144,11.461632170582678,-2.0855826901088115,14.984612375346728,21057.9609375,0.18033858141510706
2025-07-25,88.72000122070312,877200,29.65999984741211,63400,27.229999542236328,3664700,6388.64013671875,4470720000,21108.3203125,11028310000,0.3966451001680582,0.47452146300059894,13.68449029552587,-0.20208651805209144,11.057219140425318,-4.453158729707063,15.11425703456374,21108.3203125,0.23886099248375814
2025-07-28,87.88999938964844,950000,29.59000015258789,72500,27.059999465942383,2761200,6389.77001953125,4565620000,21178.580078125,10612580000,0.01768424712675909,-0.9399331169103853,13.764217263576723,-0.23628599963614327,11.191341840842766,-0.6262686868074852,14.831175925811458,21178.580078125,0.3323006871104539
2025-07-29,87.91999816894531,1183000,29.799999237060547,76800,24.950000762939453,4058100,6370.85986328125,5076120000,21098.2890625,10040610000,-0.29638301974674874,0.034126363693331996,13.983564142960525,0.7071896340506978,11.248959919135764,-8.11827502303255,15.216225441745395,21098.2890625,-0.3798347124085666
2025-07-30,87.5,1225100,29.399999618530273,154600,25.809999465942383,7279800,6362.89990234375,5375070000,21129.669921875,9311770000,-0.1250213938510214,-0.4788495905423851,14.018533031282262,-1.3513706539888481,11.948596415135459,3.388814026237208,15.800613947268019,21129.669921875,0.14862600943246207
2025-07-31,85.37000274658203,1068000,29.09000015258789,85700,25.65999984741211,2860800,6339.39013671875,6077080000,21122.44921875,9917220000,-0.37016620463745653,-2.4644010168670683,13.881298298502276,-1.0600183616991998,11.358608104585871,-0.5828639797671453,14.866611863961332,21122.44921875,-0.03417912919942978
2025-08-01,83.33999633789062,1050400,28.43000030517578,78700,25.549999237060547,3473700,6238.009765625,5827150000,20650.130859375,9667420000,-1.6121387185568992,-2.406620114238933,13.864681601970723,-2.2949541355287817,11.273398434405495,-0.4296066451894287,15.060730866268473,20650.130859375,-2.2614762508604613
2025-08-04,85.08999633789062,897700,29.149999618530273,106400,25.6299991607666,2483300,6329.93994140625,4842580000,21053.580078125,7355970000,1.4629564491414726,2.078089477088607,13.70759121574478,2.50099633128662,11.574960855889682,0.3126220842727623,14.725098878778754,21053.580078125,1.93489642348883
2025-08-05,87.37999725341797,1023900,29.15999984741211,71800,26.1200008392334,3318100,6299.18994140625,5517410000,20916.55078125,7982940000,-0.48697037804625865,2.6556915267277326,13.839129423562909,0.03430021976149611,11.181639755036315,1.8937828906349097,15.0149028879161,20916.55078125,-0.6529871647799723
2025-08-06,87.33000183105469,895900,28.829999923706055,70900,25.790000915527344,5026400,6345.06005859375,5408560000,21169.419921875,8580020000,0.7255522219853816,-0.057232469795565066,13.70558407858567,-1.1381392903704324,11.169025712520218,-1.2714481145577494,15.430214580070874,21169.419921875,1.2016934830931802
2025-08-07,88.26000213623047,1118000,28.899999618530273,63800,24.420000076293945,9755100,6340.0,5306090000,21242.69921875,8979190000,-0.07977981718276794,1.0592960652519245,13.927051932697182,0.2425072914769899,11.06350846933288,-5.458438358576956,16.093300783140062,21242.69921875,0.3455586340852079
2025-08-08,89.08000183105469,569800,29.290000915527344,55800,24.940000534057617,4123900,6389.4501953125,4769910000,21450.01953125,8669200000,0.7769454816388688,0.9247834899102081,13.253040701045945,1.3404610178234577,10.929529148369403,2.107048985878901,15.232309875522374,21450.01953125,0.9712285759821526
2025-08-11,89.97000122070312,729000,29.709999084472656,82300,24.899999618530273,3381900,6373.4501953125,4652400000,21385.400390625,9099730000,-0.25072683938844875,0.9941432052579913,13.499429010990795,1.423746656207836,11.318126386665162,-0.16051735149953394,15.033948239700733,21385.400390625,-0.30170914519320746
2025-08-12,92.77999877929688,815800,32.279998779296875,252800,25.100000381469727,2219200,6445.759765625,5135300000,21681.900390625,8382820000,1.1281559075170478,3.0754791169715467,13.611924505865595,8.296414692661047,12.44035394125484,0.8000073185142842,14.612657328542705,21681.900390625,1.3769364654526939
2025-08-13,93.7300033569336,726200,33.08000183105469,312500,26.459999084472656,3673800,6466.580078125,5195950000,21713.140625,8763080000,0.32248733840454236,1.0187258406692656,13.495580737962372,2.4481119922141747,12.652359748158593,5.276626275064533,15.116737106694101,21713.140625,0.14398069014660564
2025-08-14,92.16000366210938,725100,32.72999954223633,171800,25.670000076293945,3139100,6468.5400390625,4462050000,21710.669921875,9110860000,0.030304487855481455,-1.689210788931561,13.494064855359683,-1.0636850980775936,12.054086288532291,-3.0311126231226115,14.959446692596046,21710.669921875,-0.011379485570550685
2025-08-15,91.56999969482422,591300,32.369998931884766,195900,30.059999465942383,13706700,6449.7998046875,4575060000,21622.98046875,8158830000,-0.29013399163648756,-0.6422532897074618,13.290078781808921,-1.1060039585951031,12.185359603932632,15.787236870328636,16.433395322346733,21622.98046875,-0.40471814411304763
2025-08-18,92.06999969482422,856100,32.439998626708984,87800,31.15999984741211,7496300,6449.14990234375,4162290000,21629.76953125,8260970000,-0.01007682577363056,0.5445450198212853,13.660142470730577,0.21601519728693397,11.382816779623209,3.5939849547191205,15.82992012344428,21629.76953125,0.0313925128725856
2025-08-19,92.58000183105469,704500,32.400001525878906,98600,31.989999771118164,5047900,6411.3701171875,4377440000,21314.94921875,8461660000,-0.5875329112207339,0.5524001396056022,13.465243610320872,-0.12337170206389025,11.498826540590727,2.6288130701001666,15.434482873181295,21314.94921875,-1.4661917061495444
2025-08-20,91.66000366210938,567900,32.4900016784668,68300,32.060001373291016,3467200,6395.77978515625,4470390000,21172.859375,7810310000,-0.243463063226379,-0.9987036347038014,13.249700625865524,0.27739314487247313,11.131665045558881,0.2185843209800975,15.058857909764232,21172.859375,-0.6688524457612033
2025-08-21,90.66000366210938,920000,32.59000015258789,47400,30.209999084472656,4035500,6370.169921875,4013560000,21100.310546875,6530580000,-0.40122197289509387,-1.0969833127582262,13.732128949025222,0.30730961894813724,10.766377507683169,-5.943622492329448,15.210640767746565,21100.310546875,-0.34323851031512476
2025-08-22,94.3499984741211,671400,33.560001373291016,95700,34.29999923706055,5005600,6466.91015625,5046860000,21496.5390625,9401300000,1.5072285158778342,3.989496973543716,13.417120363528072,2.9329424987959207,11.468973577441046,12.69723668356213,15.42606784366629,21496.5390625,1.8604190103641116
2025-08-25,94.5999984741211,473700,33.119998931884766,62300,31.989999771118164,5452900,6439.31982421875,4059070000,21449.2890625,8443200000,-0.4275512539646087,0.2646204286012477,13.068329488911843,-1.3197625252273415,11.039716704775545,-6.972198512212779,15.511658135210796,21449.2890625,-0.22004474533705576
2025-08-26,95.97000122070312,636700,33.540000915527344,93500,32.25,3419500,6465.93994140625,4867680000,21544.26953125,9087930000,0.4125473710116623,1.4378195421134166,13.364053866005117,1.2601486424441255,11.44571671527678,0.8094696435148041,15.045004899520288,21544.26953125,0.44183652795268813
2025-08-27,96.54000091552734,989500,33.380001068115234,61500,33.09000015258789,2711500,6481.39990234375,4143680000,21590.140625,8040510000,0.23881304533031056,0.5921784366577754,13.804955044024757,-0.478183345929617,11.02679245379461,2.571308330303834,14.813012545263252,21590.140625,0.21268917727628178
2025-08-28,96.5,475200,33.599998474121094,72700,33.25,2056300,6501.85986328125,4283760000,21705.16015625,7807080000,0.31517474414659574,-0.04144313708058789,13.071491047030571,0.6569071323747178,11.194096663521611,0.48236405570434293,14.536418809309609,21705.16015625,0.5313269558858025
2025-08-29,95.94000244140625,690100,33.27000045776367,71100,33.81999969482422,3097600,6460.259765625,4234840000,21455.55078125,7715430000,-0.6418740402791556,-0.5819986823802914,13.444591793608692,-0.9869917766657021,11.171842615791332,1.6997567345041098,14.946138176064395,21455.55078125,-1.1566637918996037
